ID,SKU,Name,Regular price,Sale price,Categories,Product ID URL,Add to cart URL,Cart buy URL,Checkout buy URL
42,GC-SW-ACC1,Adobe Creative Cloud 1 Year,2499,1999,Gift Cards & Software Keys,https://neogen.store/?p=42,https://neogen.store/?add-to-cart=42,https://neogen.store/cart/?add-to-cart=42&quantity=1,https://neogen.store/checkout/?add-to-cart=42&quantity=1
43,GC-SW-KTS1,Kaspersky Total Security 1 Year,149,119,Gift Cards & Software Keys,https://neogen.store/?p=43,https://neogen.store/?add-to-cart=43,https://neogen.store/cart/?add-to-cart=43&quantity=1,https://neogen.store/checkout/?add-to-cart=43&quantity=1
44,GC-APL-100,Apple Gift Card $100,389,,Gift Cards & Software Keys,https://neogen.store/?p=44,https://neogen.store/?add-to-cart=44,https://neogen.store/cart/?add-to-cart=44&quantity=1,https://neogen.store/checkout/?add-to-cart=44&quantity=1
45,GC-GP-50,Google Play $50 Gift Card,199,,Gift Cards & Software Keys,https://neogen.store/?p=45,https://neogen.store/?add-to-cart=45,https://neogen.store/cart/?add-to-cart=45&quantity=1,https://neogen.store/checkout/?add-to-cart=45&quantity=1
46,GC-NFX-100,Netflix Gift Card $100,389,,Gift Cards & Software Keys,https://neogen.store/?p=46,https://neogen.store/?add-to-cart=46,https://neogen.store/cart/?add-to-cart=46&quantity=1,https://neogen.store/checkout/?add-to-cart=46&quantity=1
47,GC-XBX-GPU3,Xbox Game Pass Ultimate 3 Months,179,149,Gift Cards & Software Keys,https://neogen.store/?p=47,https://neogen.store/?add-to-cart=47,https://neogen.store/cart/?add-to-cart=47&quantity=1,https://neogen.store/checkout/?add-to-cart=47&quantity=1
48,GC-STM-50,Steam Wallet $50 Gift Card,199,,Gift Cards & Software Keys,https://neogen.store/?p=48,https://neogen.store/?add-to-cart=48,https://neogen.store/cart/?add-to-cart=48&quantity=1,https://neogen.store/checkout/?add-to-cart=48&quantity=1
49,GC-PSN-50,PlayStation Store $50 Gift Card,199,,Gift Cards & Software Keys,https://neogen.store/?p=49,https://neogen.store/?add-to-cart=49,https://neogen.store/cart/?add-to-cart=49&quantity=1,https://neogen.store/checkout/?add-to-cart=49&quantity=1
50,GC-SW-OFF24,Microsoft Office 2024 Pro Plus,399,349,Gift Cards & Software Keys,https://neogen.store/?p=50,https://neogen.store/?add-to-cart=50,https://neogen.store/cart/?add-to-cart=50&quantity=1,https://neogen.store/checkout/?add-to-cart=50&quantity=1
51,GC-SW-WIN11,Windows 11 Pro License Key,249,199,Gift Cards & Software Keys,https://neogen.store/?p=51,https://neogen.store/?add-to-cart=51,https://neogen.store/cart/?add-to-cart=51&quantity=1,https://neogen.store/checkout/?add-to-cart=51&quantity=1
52,GM-RTR-ASU-001,ASUS ROG Rapture GT-BE19000AI (WiFi 7),4799,,Gaming,https://neogen.store/?p=52,https://neogen.store/?add-to-cart=52,https://neogen.store/cart/?add-to-cart=52&quantity=1,https://neogen.store/checkout/?add-to-cart=52&quantity=1
53,GM-PGA-JSA-001,JSAUX 6-in-1 Dock (Steam Deck/ROG Ally),529,459,Gaming,https://neogen.store/?p=53,https://neogen.store/?add-to-cart=53,https://neogen.store/cart/?add-to-cart=53&quantity=1,https://neogen.store/checkout/?add-to-cart=53&quantity=1
54,GM-CMP-NZX-001,NZXT H9 Elite Mid-Tower ATX Case,1349,,Hardware,https://neogen.store/?p=54,https://neogen.store/?add-to-cart=54,https://neogen.store/cart/?add-to-cart=54&quantity=1,https://neogen.store/checkout/?add-to-cart=54&quantity=1
55,GM-CMP-COR-001,Corsair iCUE H150i RGB Elite (360mm AIO),1149,,Hardware,https://neogen.store/?p=55,https://neogen.store/?add-to-cart=55,https://neogen.store/cart/?add-to-cart=55&quantity=1,https://neogen.store/checkout/?add-to-cart=55&quantity=1
56,GM-GPU-GIG-001,Gigabyte AORUS RTX 5090 Master 32GB,27999,,Hardware,https://neogen.store/?p=56,https://neogen.store/?add-to-cart=56,https://neogen.store/cart/?add-to-cart=56&quantity=1,https://neogen.store/checkout/?add-to-cart=56&quantity=1
57,GM-GPU-NVD-002,NVIDIA RTX 5080 Founders Edition (16GB),6499,,Hardware,https://neogen.store/?p=57,https://neogen.store/?add-to-cart=57,https://neogen.store/cart/?add-to-cart=57&quantity=1,https://neogen.store/checkout/?add-to-cart=57&quantity=1
58,GM-GPU-NVD-001,NVIDIA RTX 5090 Founders Edition (32GB),26449,22999,Hardware,https://neogen.store/?p=58,https://neogen.store/?add-to-cart=58,https://neogen.store/cart/?add-to-cart=58&quantity=1,https://neogen.store/checkout/?add-to-cart=58&quantity=1
59,GM-STR-HPX-001,HyperX QuadCast S USB Microphone,580,,Gaming,https://neogen.store/?p=59,https://neogen.store/?add-to-cart=59,https://neogen.store/cart/?add-to-cart=59&quantity=1,https://neogen.store/checkout/?add-to-cart=59&quantity=1
60,GM-STR-ELG-001,Elgato Stream Deck MK.2,1099,949,Gaming,https://neogen.store/?p=60,https://neogen.store/?add-to-cart=60,https://neogen.store/cart/?add-to-cart=60&quantity=1,https://neogen.store/checkout/?add-to-cart=60&quantity=1
61,GM-CAP-AVR-001,AVerMedia Live Gamer Ultra S,1049,,Gaming,https://neogen.store/?p=61,https://neogen.store/?add-to-cart=61,https://neogen.store/cart/?add-to-cart=61&quantity=1,https://neogen.store/checkout/?add-to-cart=61&quantity=1
62,GM-CAP-ELG-001,Elgato HD60 X Capture Card,1099,,Gaming,https://neogen.store/?p=62,https://neogen.store/?add-to-cart=62,https://neogen.store/cart/?add-to-cart=62&quantity=1,https://neogen.store/checkout/?add-to-cart=62&quantity=1
63,GM-CTR-SON-001,Sony DualSense Edge Controller,1559,1349,Gaming,https://neogen.store/?p=63,https://neogen.store/?add-to-cart=63,https://neogen.store/cart/?add-to-cart=63&quantity=1,https://neogen.store/checkout/?add-to-cart=63&quantity=1
64,GM-CTR-MSF-001,Xbox Elite Controller Series 2 Core,720,,Gaming,https://neogen.store/?p=64,https://neogen.store/?add-to-cart=64,https://neogen.store/cart/?add-to-cart=64&quantity=1,https://neogen.store/checkout/?add-to-cart=64&quantity=1
65,GM-RGB-GOV-001,Govee DreamView G1 Pro Gaming Light,790,,Gaming,https://neogen.store/?p=65,https://neogen.store/?add-to-cart=65,https://neogen.store/cart/?add-to-cart=65&quantity=1,https://neogen.store/checkout/?add-to-cart=65&quantity=1
66,GM-RGB-COR-001,Corsair iCUE LC100 Lighting Panels,549,,Gaming,https://neogen.store/?p=66,https://neogen.store/?add-to-cart=66,https://neogen.store/cart/?add-to-cart=66&quantity=1,https://neogen.store/checkout/?add-to-cart=66&quantity=1
67,GM-CHR-RAZ-001,Razer Iskur V2 NewGen,3199,,Gaming,https://neogen.store/?p=67,https://neogen.store/?add-to-cart=67,https://neogen.store/cart/?add-to-cart=67&quantity=1,https://neogen.store/checkout/?add-to-cart=67&quantity=1
68,GM-CHR-SEC-001,Secretlab Titan Evo,4630,,Gaming,https://neogen.store/?p=68,https://neogen.store/?add-to-cart=68,https://neogen.store/cart/?add-to-cart=68&quantity=1,https://neogen.store/checkout/?add-to-cart=68&quantity=1
69,GM-HST-RAZ-001,Razer BlackShark V2 Pro 2023,1149,999,Gaming,https://neogen.store/?p=69,https://neogen.store/?add-to-cart=69,https://neogen.store/cart/?add-to-cart=69&quantity=1,https://neogen.store/checkout/?add-to-cart=69&quantity=1
70,GM-HST-STS-001,SteelSeries Arctis Nova 7 Wireless,860,,Gaming,https://neogen.store/?p=70,https://neogen.store/?add-to-cart=70,https://neogen.store/cart/?add-to-cart=70&quantity=1,https://neogen.store/checkout/?add-to-cart=70&quantity=1
71,GM-HST-HPX-001,HyperX Cloud Alpha Wireless (300hr),1199,,Gaming,https://neogen.store/?p=71,https://neogen.store/?add-to-cart=71,https://neogen.store/cart/?add-to-cart=71&quantity=1,https://neogen.store/checkout/?add-to-cart=71&quantity=1
72,GM-MOU-RAZ-002,Razer Viper V3 Pro (54g Wireless),1209,1049,Gaming,https://neogen.store/?p=72,https://neogen.store/?add-to-cart=72,https://neogen.store/cart/?add-to-cart=72&quantity=1,https://neogen.store/checkout/?add-to-cart=72&quantity=1
73,GM-MOU-LOG-001,Logitech G Pro X Superlight 2 DEX,1099,,Gaming,https://neogen.store/?p=73,https://neogen.store/?add-to-cart=73,https://neogen.store/cart/?add-to-cart=73&quantity=1,https://neogen.store/checkout/?add-to-cart=73&quantity=1
74,GM-MOU-RAZ-001,Razer DeathAdder V4 Pro (57g Wireless),1329,1149,Gaming,https://neogen.store/?p=74,https://neogen.store/?add-to-cart=74,https://neogen.store/cart/?add-to-cart=74&quantity=1,https://neogen.store/checkout/?add-to-cart=74&quantity=1
75,GM-KBD-KEY-001,Keychron K10 HE (Arabic Layout),690,,Gaming,https://neogen.store/?p=75,https://neogen.store/?add-to-cart=75,https://neogen.store/cart/?add-to-cart=75&quantity=1,https://neogen.store/checkout/?add-to-cart=75&quantity=1
76,GM-KBD-LOG-001,Logitech G Pro X TKL LIGHTSPEED,1379,1199,Gaming,https://neogen.store/?p=76,https://neogen.store/?add-to-cart=76,https://neogen.store/cart/?add-to-cart=76&quantity=1,https://neogen.store/checkout/?add-to-cart=76&quantity=1
77,GM-KBD-COR-001,Corsair K70 MAX RGB,1299,,Gaming,https://neogen.store/?p=77,https://neogen.store/?add-to-cart=77,https://neogen.store/cart/?add-to-cart=77&quantity=1,https://neogen.store/checkout/?add-to-cart=77&quantity=1
78,GM-KBD-RAZ-001,Razer Huntsman V3 Pro TKL,1559,1349,Gaming,https://neogen.store/?p=78,https://neogen.store/?add-to-cart=78,https://neogen.store/cart/?add-to-cart=78&quantity=1,https://neogen.store/checkout/?add-to-cart=78&quantity=1
79,GM-MON-DEL-001,"Dell Alienware AW2725DF (27"" QD-OLED 360Hz)",5599,,Gaming,https://neogen.store/?p=79,https://neogen.store/?add-to-cart=79,https://neogen.store/cart/?add-to-cart=79&quantity=1,https://neogen.store/checkout/?add-to-cart=79&quantity=1
80,GM-MON-LGE-001,"LG UltraGear OLED 27GR95QE-B (27"" QHD 240Hz)",5639,4899,Gaming,https://neogen.store/?p=80,https://neogen.store/?add-to-cart=80,https://neogen.store/cart/?add-to-cart=80&quantity=1,https://neogen.store/checkout/?add-to-cart=80&quantity=1
81,GM-MON-SAM-002,"Samsung Odyssey G7 G70D (32"" 4K 144Hz)",2600,,Gaming,https://neogen.store/?p=81,https://neogen.store/?add-to-cart=81,https://neogen.store/cart/?add-to-cart=81&quantity=1,https://neogen.store/checkout/?add-to-cart=81&quantity=1
82,GM-MON-SAM-001,"Samsung Odyssey OLED G8 (34"" UWQHD 175Hz)",4870,,Gaming,https://neogen.store/?p=82,https://neogen.store/?add-to-cart=82,https://neogen.store/cart/?add-to-cart=82&quantity=1,https://neogen.store/checkout/?add-to-cart=82&quantity=1
83,GM-MON-ASU-001,"ASUS ROG Swift OLED PG27AQDM (27"" QHD 240Hz)",4080,,Gaming,https://neogen.store/?p=83,https://neogen.store/?add-to-cart=83,https://neogen.store/cart/?add-to-cart=83&quantity=1,https://neogen.store/checkout/?add-to-cart=83&quantity=1
84,NT-MPC-DEL-001,Dell OptiPlex 7070 Micro (Refurb),1610,,Homelab,https://neogen.store/?p=84,https://neogen.store/?add-to-cart=84,https://neogen.store/cart/?add-to-cart=84&quantity=1,https://neogen.store/checkout/?add-to-cart=84&quantity=1
85,NT-MPC-BLK-002,Beelink EQ12 (Intel N100),999,,Homelab,https://neogen.store/?p=85,https://neogen.store/?add-to-cart=85,https://neogen.store/cart/?add-to-cart=85&quantity=1,https://neogen.store/checkout/?add-to-cart=85&quantity=1
86,NT-MPC-BLK-001,Beelink SER7 (Ryzen 7 7735HS),2399,,Homelab,https://neogen.store/?p=86,https://neogen.store/?add-to-cart=86,https://neogen.store/cart/?add-to-cart=86&quantity=1,https://neogen.store/checkout/?add-to-cart=86&quantity=1
87,NT-MPC-MNF-001,MinisForum MS-01 (Homelab Server),4599,3999,Homelab,https://neogen.store/?p=87,https://neogen.store/?add-to-cart=87,https://neogen.store/cart/?add-to-cart=87&quantity=1,https://neogen.store/checkout/?add-to-cart=87&quantity=1
88,NT-POE-TPL-001,TP-Link TL-SG1005P 5-Port PoE,299,,Networking,https://neogen.store/?p=88,https://neogen.store/?add-to-cart=88,https://neogen.store/cart/?add-to-cart=88&quantity=1,https://neogen.store/checkout/?add-to-cart=88&quantity=1
89,NT-POE-UBQ-001,Ubiquiti USW-Lite-8-PoE,849,,Networking,https://neogen.store/?p=89,https://neogen.store/?add-to-cart=89,https://neogen.store/cart/?add-to-cart=89&quantity=1,https://neogen.store/checkout/?add-to-cart=89&quantity=1
90,NT-KVM-ATN-001,ATEN CS1924M 4-Port DP KVM,2399,,Homelab,https://neogen.store/?p=90,https://neogen.store/?add-to-cart=90,https://neogen.store/cart/?add-to-cart=90&quantity=1,https://neogen.store/checkout/?add-to-cart=90&quantity=1
91,NT-KVM-TES-001,TESmart HKS0401A1U 4-Port HDMI KVM,689,599,Homelab,https://neogen.store/?p=91,https://neogen.store/?add-to-cart=91,https://neogen.store/cart/?add-to-cart=91&quantity=1,https://neogen.store/checkout/?add-to-cart=91&quantity=1
92,NT-FWL-FTN-001,Fortinet FortiGate 60F,6329,5499,Homelab,https://neogen.store/?p=92,https://neogen.store/?add-to-cart=92,https://neogen.store/cart/?add-to-cart=92&quantity=1,https://neogen.store/checkout/?add-to-cart=92&quantity=1
93,NT-FWL-NGT-002,Netgate 2100 MAX pfSense+ Gateway,2740,,Homelab,https://neogen.store/?p=93,https://neogen.store/?add-to-cart=93,https://neogen.store/cart/?add-to-cart=93&quantity=1,https://neogen.store/checkout/?add-to-cart=93&quantity=1
94,NT-FWL-NGT-001,Netgate 4200 MAX pfSense+ Gateway,3399,,Homelab,https://neogen.store/?p=94,https://neogen.store/?add-to-cart=94,https://neogen.store/cart/?add-to-cart=94&quantity=1,https://neogen.store/checkout/?add-to-cart=94&quantity=1
95,NT-CBL-GEN-001,Cat6a Shielded Bulk Cable (305m),740,,Networking,https://neogen.store/?p=95,https://neogen.store/?add-to-cart=95,https://neogen.store/cart/?add-to-cart=95&quantity=1,https://neogen.store/checkout/?add-to-cart=95&quantity=1
96,NT-CBL-FSC-001,10G SFP+ DAC Twinax Cable (1m),80,,Networking,https://neogen.store/?p=96,https://neogen.store/?add-to-cart=96,https://neogen.store/cart/?add-to-cart=96&quantity=1,https://neogen.store/checkout/?add-to-cart=96&quantity=1
97,NT-SFP-FSC-001,FS.com 10GBASE-SR SFP+ Transceiver,129,,Networking,https://neogen.store/?p=97,https://neogen.store/?add-to-cart=97,https://neogen.store/cart/?add-to-cart=97&quantity=1,https://neogen.store/checkout/?add-to-cart=97&quantity=1
98,NT-SRV-NVP-001,NavePoint 1U Cantilever Rack Shelf,249,,Homelab,https://neogen.store/?p=98,https://neogen.store/?add-to-cart=98,https://neogen.store/cart/?add-to-cart=98&quantity=1,https://neogen.store/checkout/?add-to-cart=98&quantity=1
99,NT-SRV-CBM-001,Cable Matters 24-Port Cat6 Patch Panel (1U),239,,Homelab,https://neogen.store/?p=99,https://neogen.store/?add-to-cart=99,https://neogen.store/cart/?add-to-cart=99&quantity=1,https://neogen.store/checkout/?add-to-cart=99&quantity=1
100,NT-SRV-STC-001,StarTech RK12WALLOA 12U Wall-Mount Rack,1399,,Homelab,https://neogen.store/?p=100,https://neogen.store/?add-to-cart=100,https://neogen.store/cart/?add-to-cart=100&quantity=1,https://neogen.store/checkout/?add-to-cart=100&quantity=1
101,NT-UPS-APC-002,APC Back-UPS Pro BX1500M (Tower),1839,1599,Homelab,https://neogen.store/?p=101,https://neogen.store/?add-to-cart=101,https://neogen.store/cart/?add-to-cart=101&quantity=1,https://neogen.store/checkout/?add-to-cart=101&quantity=1
102,NT-UPS-CYB-001,CyberPower OR1500LCDRM1U (1500VA 1U),2419,2099,Homelab,https://neogen.store/?p=102,https://neogen.store/?add-to-cart=102,https://neogen.store/cart/?add-to-cart=102&quantity=1,https://neogen.store/checkout/?add-to-cart=102&quantity=1
103,NT-UPS-APC-001,APC Smart-UPS SMT1500RM2UC (1500VA Rack),4899,,Homelab,https://neogen.store/?p=103,https://neogen.store/?add-to-cart=103,https://neogen.store/cart/?add-to-cart=103&quantity=1,https://neogen.store/checkout/?add-to-cart=103&quantity=1
104,NT-NAS-QNP-002,QNAP TS-262-4G (2-Bay),1899,,Homelab,https://neogen.store/?p=104,https://neogen.store/?add-to-cart=104,https://neogen.store/cart/?add-to-cart=104&quantity=1,https://neogen.store/checkout/?add-to-cart=104&quantity=1
105,NT-NAS-QNP-001,QNAP TS-464-8G (4-Bay),2799,,Homelab,https://neogen.store/?p=105,https://neogen.store/?add-to-cart=105,https://neogen.store/cart/?add-to-cart=105&quantity=1,https://neogen.store/checkout/?add-to-cart=105&quantity=1
106,NT-NAS-SYN-002,Synology DS925+ (4-Bay),3499,,Homelab,https://neogen.store/?p=106,https://neogen.store/?add-to-cart=106,https://neogen.store/cart/?add-to-cart=106&quantity=1,https://neogen.store/checkout/?add-to-cart=106&quantity=1
107,NT-NAS-SYN-001,Synology DS225+ (2-Bay),2419,2099,Homelab,https://neogen.store/?p=107,https://neogen.store/?add-to-cart=107,https://neogen.store/cart/?add-to-cart=107&quantity=1,https://neogen.store/checkout/?add-to-cart=107&quantity=1
108,NT-WAP-TPL-002,TP-Link Omada EAP650,919,799,Networking,https://neogen.store/?p=108,https://neogen.store/?add-to-cart=108,https://neogen.store/cart/?add-to-cart=108&quantity=1,https://neogen.store/checkout/?add-to-cart=108&quantity=1
109,NT-WAP-TPL-001,TP-Link Omada EAP610,689,599,Networking,https://neogen.store/?p=109,https://neogen.store/?add-to-cart=109,https://neogen.store/cart/?add-to-cart=109&quantity=1,https://neogen.store/checkout/?add-to-cart=109&quantity=1
110,NT-WAP-UBQ-002,Ubiquiti UniFi U7 Pro,1609,1399,Networking,https://neogen.store/?p=110,https://neogen.store/?add-to-cart=110,https://neogen.store/cart/?add-to-cart=110&quantity=1,https://neogen.store/checkout/?add-to-cart=110&quantity=1
111,NT-WAP-UBQ-001,Ubiquiti UniFi U6 Pro,910,,Networking,https://neogen.store/?p=111,https://neogen.store/?add-to-cart=111,https://neogen.store/cart/?add-to-cart=111&quantity=1,https://neogen.store/checkout/?add-to-cart=111&quantity=1
112,NT-NET-UBQ-001,Ubiquiti USW-Pro-24-PoE,2370,,Networking,https://neogen.store/?p=112,https://neogen.store/?add-to-cart=112,https://neogen.store/cart/?add-to-cart=112&quantity=1,https://neogen.store/checkout/?add-to-cart=112&quantity=1
113,NT-NET-MKT-004,MikroTik CRS312-4C+8XG-RM,2799,,Networking,https://neogen.store/?p=113,https://neogen.store/?add-to-cart=113,https://neogen.store/cart/?add-to-cart=113&quantity=1,https://neogen.store/checkout/?add-to-cart=113&quantity=1
114,NT-NET-MKT-003,MikroTik CRS328-24P-4S+RM (PoE),3109,2699,Networking,https://neogen.store/?p=114,https://neogen.store/?add-to-cart=114,https://neogen.store/cart/?add-to-cart=114&quantity=1,https://neogen.store/checkout/?add-to-cart=114&quantity=1
115,NT-NET-MKT-002,MikroTik CRS326-24G-2S+RM,1199,,Networking,https://neogen.store/?p=115,https://neogen.store/?add-to-cart=115,https://neogen.store/cart/?add-to-cart=115&quantity=1,https://neogen.store/checkout/?add-to-cart=115&quantity=1
116,NT-NET-MKT-001,MikroTik CRS305-1G-4S+IN,999,,Networking,https://neogen.store/?p=116,https://neogen.store/?add-to-cart=116,https://neogen.store/cart/?add-to-cart=116&quantity=1,https://neogen.store/checkout/?add-to-cart=116&quantity=1
117,SH-SWB-SWBT-003,SwitchBot Blind Tilt,479,,Smart Home & IoT,https://neogen.store/?p=117,https://neogen.store/?add-to-cart=117,https://neogen.store/cart/?add-to-cart=117&quantity=1,https://neogen.store/checkout/?add-to-cart=117&quantity=1
118,SH-SWB-SWBT-002,SwitchBot Bot (Smart Button Pusher),239,,Smart Home & IoT,https://neogen.store/?p=118,https://neogen.store/?add-to-cart=118,https://neogen.store/cart/?add-to-cart=118&quantity=1,https://neogen.store/checkout/?add-to-cart=118&quantity=1
119,SH-SWB-SWBT-001,SwitchBot Hub 2 (Matter Enabled),559,479,Smart Home & IoT,https://neogen.store/?p=119,https://neogen.store/?add-to-cart=119,https://neogen.store/cart/?add-to-cart=119&quantity=1,https://neogen.store/checkout/?add-to-cart=119&quantity=1
120,SH-HUB-HUBI-001,Hubitat Elevation C-8 Pro,1199,,Smart Home & IoT,https://neogen.store/?p=120,https://neogen.store/?add-to-cart=120,https://neogen.store/cart/?add-to-cart=120&quantity=1,https://neogen.store/checkout/?add-to-cart=120&quantity=1
121,SH-HUB-HASS-001,Home Assistant Green,890,,Smart Home & IoT,https://neogen.store/?p=121,https://neogen.store/?add-to-cart=121,https://neogen.store/cart/?add-to-cart=121&quantity=1,https://neogen.store/checkout/?add-to-cart=121&quantity=1
122,SH-HUB-AQRA-001,Aqara Hub M3,1039,899,Smart Home & IoT,https://neogen.store/?p=122,https://neogen.store/?add-to-cart=122,https://neogen.store/cart/?add-to-cart=122&quantity=1,https://neogen.store/checkout/?add-to-cart=122&quantity=1
123,SH-BLD-IKEA-001,IKEA FYRTUR Blackout Smart Roller Blind,1099,949,Smart Home & IoT,https://neogen.store/?p=123,https://neogen.store/?add-to-cart=123,https://neogen.store/cart/?add-to-cart=123&quantity=1,https://neogen.store/checkout/?add-to-cart=123&quantity=1
124,SH-BLD-SWBT-001,SwitchBot Curtain 3,649,,Smart Home & IoT,https://neogen.store/?p=124,https://neogen.store/?add-to-cart=124,https://neogen.store/cart/?add-to-cart=124&quantity=1,https://neogen.store/checkout/?add-to-cart=124&quantity=1
125,SH-VDB-EUFY-001,Eufy Video Doorbell E340 (Dual Camera),999,,Smart Home & IoT,https://neogen.store/?p=125,https://neogen.store/?add-to-cart=125,https://neogen.store/cart/?add-to-cart=125&quantity=1,https://neogen.store/checkout/?add-to-cart=125&quantity=1
126,SH-VDB-RING-001,Ring Battery Doorbell Plus,999,,Smart Home & IoT,https://neogen.store/?p=126,https://neogen.store/?add-to-cart=126,https://neogen.store/cart/?add-to-cart=126&quantity=1,https://neogen.store/checkout/?add-to-cart=126&quantity=1
127,SH-CAM-RELK-001,Reolink Argus 4 Pro (4K),1039,899,Smart Home & IoT,https://neogen.store/?p=127,https://neogen.store/?add-to-cart=127,https://neogen.store/cart/?add-to-cart=127&quantity=1,https://neogen.store/checkout/?add-to-cart=127&quantity=1
128,SH-CAM-EUFY-001,Eufy eufyCam 3 (4K + HomeBase 3 Kit),1649,,Smart Home & IoT,https://neogen.store/?p=128,https://neogen.store/?add-to-cart=128,https://neogen.store/cart/?add-to-cart=128&quantity=1,https://neogen.store/checkout/?add-to-cart=128&quantity=1
129,SH-CAM-ARLO-001,Arlo Pro 5 2K Spotlight Camera,1549,,Smart Home & IoT,https://neogen.store/?p=129,https://neogen.store/?add-to-cart=129,https://neogen.store/cart/?add-to-cart=129&quantity=1,https://neogen.store/checkout/?add-to-cart=129&quantity=1
130,SH-CAM-RING-001,Ring Indoor Cam (2nd Gen),479,,Smart Home & IoT,https://neogen.store/?p=130,https://neogen.store/?add-to-cart=130,https://neogen.store/cart/?add-to-cart=130&quantity=1,https://neogen.store/checkout/?add-to-cart=130&quantity=1
131,SH-PLG-MERS-001,Meross Smart Plug Mini MSS110 (HomeKit),159,,Smart Home & IoT,https://neogen.store/?p=131,https://neogen.store/?add-to-cart=131,https://neogen.store/cart/?add-to-cart=131&quantity=1,https://neogen.store/checkout/?add-to-cart=131&quantity=1
132,SH-PLG-TPLK-001,"TP-Link Tapo P125M Smart Plug (Matter, 2-pack)",149,,Smart Home & IoT,https://neogen.store/?p=132,https://neogen.store/?add-to-cart=132,https://neogen.store/cart/?add-to-cart=132&quantity=1,https://neogen.store/checkout/?add-to-cart=132&quantity=1
133,SH-THR-ECOB-001,Ecobee Smart Thermostat Premium,1549,,Smart Home & IoT,https://neogen.store/?p=133,https://neogen.store/?add-to-cart=133,https://neogen.store/cart/?add-to-cart=133&quantity=1,https://neogen.store/checkout/?add-to-cart=133&quantity=1
134,SH-THR-NEST-001,Google Nest Learning Thermostat (4th Gen),1699,,Smart Home & IoT,https://neogen.store/?p=134,https://neogen.store/?add-to-cart=134,https://neogen.store/cart/?add-to-cart=134&quantity=1,https://neogen.store/checkout/?add-to-cart=134&quantity=1
135,SH-RVC-ECVX-001,Ecovacs Deebot X9 Pro Omni,5699,,Smart Home & IoT,https://neogen.store/?p=135,https://neogen.store/?add-to-cart=135,https://neogen.store/cart/?add-to-cart=135&quantity=1,https://neogen.store/checkout/?add-to-cart=135&quantity=1
136,SH-RVC-DREM-001,Dreame L50 Ultra,4599,,Smart Home & IoT,https://neogen.store/?p=136,https://neogen.store/?add-to-cart=136,https://neogen.store/cart/?add-to-cart=136&quantity=1,https://neogen.store/checkout/?add-to-cart=136&quantity=1
137,SH-RVC-RBRC-001,Roborock Qrevo CurvX,4599,,Smart Home & IoT,https://neogen.store/?p=137,https://neogen.store/?add-to-cart=137,https://neogen.store/cart/?add-to-cart=137&quantity=1,https://neogen.store/checkout/?add-to-cart=137&quantity=1
138,SH-LGT-GOVE-002,Govee Glide Hexagon Light Panels Ultra (10-pack),1499,1299,Smart Home & IoT,https://neogen.store/?p=138,https://neogen.store/?add-to-cart=138,https://neogen.store/cart/?add-to-cart=138&quantity=1,https://neogen.store/checkout/?add-to-cart=138&quantity=1
139,SH-LGT-GOVE-001,Govee RGBIC LED Strip M1 (5m),459,399,Smart Home & IoT,https://neogen.store/?p=139,https://neogen.store/?add-to-cart=139,https://neogen.store/cart/?add-to-cart=139&quantity=1,https://neogen.store/checkout/?add-to-cart=139&quantity=1
140,SH-LGT-LIFX-001,LIFX Color A19 1100lm Bulb,329,279,Smart Home & IoT,https://neogen.store/?p=140,https://neogen.store/?add-to-cart=140,https://neogen.store/cart/?add-to-cart=140&quantity=1,https://neogen.store/checkout/?add-to-cart=140&quantity=1
141,SH-LGT-PHUE-002,Philips Hue Gradient Lightstrip (2m),1149,,Smart Home & IoT,https://neogen.store/?p=141,https://neogen.store/?add-to-cart=141,https://neogen.store/cart/?add-to-cart=141&quantity=1,https://neogen.store/checkout/?add-to-cart=141&quantity=1
142,SH-LGT-PHUE-001,Philips Hue Starter Kit (3x A19 + Bridge),899,,Smart Home & IoT,https://neogen.store/?p=142,https://neogen.store/?add-to-cart=142,https://neogen.store/cart/?add-to-cart=142&quantity=1,https://neogen.store/checkout/?add-to-cart=142&quantity=1
143,SH-LCK-AUGS-001,August Wi-Fi Smart Lock (4th Gen),1499,1299,Smart Home & IoT,https://neogen.store/?p=143,https://neogen.store/?add-to-cart=143,https://neogen.store/cart/?add-to-cart=143&quantity=1,https://neogen.store/checkout/?add-to-cart=143&quantity=1
144,SH-LCK-AQRA-001,Aqara Smart Lock U200,1439,1249,Smart Home & IoT,https://neogen.store/?p=144,https://neogen.store/?add-to-cart=144,https://neogen.store/cart/?add-to-cart=144&quantity=1,https://neogen.store/checkout/?add-to-cart=144&quantity=1
145,SH-LCK-YALE-001,Yale Assure Lock 2 Wi-Fi,1549,,Smart Home & IoT,https://neogen.store/?p=145,https://neogen.store/?add-to-cart=145,https://neogen.store/cart/?add-to-cart=145&quantity=1,https://neogen.store/checkout/?add-to-cart=145&quantity=1
146,SH-DSP-GGLE-001,Google Nest Hub (2nd Gen),699,,Smart Home & IoT,https://neogen.store/?p=146,https://neogen.store/?add-to-cart=146,https://neogen.store/cart/?add-to-cart=146&quantity=1,https://neogen.store/checkout/?add-to-cart=146&quantity=1
147,SH-DSP-AMZN-001,Amazon Echo Show 8 (3rd Gen),999,,Smart Home & IoT,https://neogen.store/?p=147,https://neogen.store/?add-to-cart=147,https://neogen.store/cart/?add-to-cart=147&quantity=1,https://neogen.store/checkout/?add-to-cart=147&quantity=1
148,SH-SPK-AMZN-002,Amazon Echo Dot (5th Gen),459,399,Smart Home & IoT,https://neogen.store/?p=148,https://neogen.store/?add-to-cart=148,https://neogen.store/cart/?add-to-cart=148&quantity=1,https://neogen.store/checkout/?add-to-cart=148&quantity=1
149,SH-SPK-GGLE-001,Google Nest Audio,809,699,Smart Home & IoT,https://neogen.store/?p=149,https://neogen.store/?add-to-cart=149,https://neogen.store/cart/?add-to-cart=149&quantity=1,https://neogen.store/checkout/?add-to-cart=149&quantity=1
150,SH-SPK-APPL-001,Apple HomePod Mini,699,,Smart Home & IoT,https://neogen.store/?p=150,https://neogen.store/?add-to-cart=150,https://neogen.store/cart/?add-to-cart=150&quantity=1,https://neogen.store/checkout/?add-to-cart=150&quantity=1
151,SH-SPK-AMZN-001,Amazon Echo (4th Gen),699,,Smart Home & IoT,https://neogen.store/?p=151,https://neogen.store/?add-to-cart=151,https://neogen.store/cart/?add-to-cart=151&quantity=1,https://neogen.store/checkout/?add-to-cart=151&quantity=1
152,NG-SEC-007,Eufy Video Doorbell S330 - Dual Camera Smart Doorbell (2K + Package Cam),1449,,Security & Surveillance,https://neogen.store/?p=152,https://neogen.store/?add-to-cart=152,https://neogen.store/cart/?add-to-cart=152&quantity=1,https://neogen.store/checkout/?add-to-cart=152&quantity=1
153,NG-SEC-006,Ajax Hub 2 Plus - Professional Wireless Smart Alarm System,2499,,Security & Surveillance,https://neogen.store/?p=153,https://neogen.store/?add-to-cart=153,https://neogen.store/cart/?add-to-cart=153&quantity=1,https://neogen.store/checkout/?add-to-cart=153&quantity=1
154,NG-SEC-005,Reolink 16-Channel PoE NVR (RLN16-410) - 4K Network Video Recorder,1599,,Security & Surveillance,https://neogen.store/?p=154,https://neogen.store/?add-to-cart=154,https://neogen.store/cart/?add-to-cart=154&quantity=1,https://neogen.store/checkout/?add-to-cart=154&quantity=1
155,NG-SEC-004,Ubiquiti UniFi Protect G4 Doorbell Pro - 5MP Smart Doorbell with Fingerprint Reader,3140,,Security & Surveillance,https://neogen.store/?p=155,https://neogen.store/?add-to-cart=155,https://neogen.store/cart/?add-to-cart=155&quantity=1,https://neogen.store/checkout/?add-to-cart=155&quantity=1
156,NG-SEC-003,Hikvision DS-2CD2143G2-I - 4MP AcuSense Dome Camera,749,,Security & Surveillance,https://neogen.store/?p=156,https://neogen.store/?add-to-cart=156,https://neogen.store/cart/?add-to-cart=156&quantity=1,https://neogen.store/checkout/?add-to-cart=156&quantity=1
157,NG-SEC-002,Reolink Argus 4 Pro - Solar-Powered Wireless 4K Security Camera,1199,,Security & Surveillance,https://neogen.store/?p=157,https://neogen.store/?add-to-cart=157,https://neogen.store/cart/?add-to-cart=157&quantity=1,https://neogen.store/checkout/?add-to-cart=157&quantity=1
158,NG-SEC-001,Reolink RLC-810A - 4K PoE AI Security Camera,549,,Security & Surveillance,https://neogen.store/?p=158,https://neogen.store/?add-to-cart=158,https://neogen.store/cart/?add-to-cart=158&quantity=1,https://neogen.store/checkout/?add-to-cart=158&quantity=1
159,NG-DRN-008,DJI Pocket 3 - Pocket-Sized Gimbal Camera with 1-Inch Sensor,3449,2999,Drones & Robotics,https://neogen.store/?p=159,https://neogen.store/?add-to-cart=159,https://neogen.store/cart/?add-to-cart=159&quantity=1,https://neogen.store/checkout/?add-to-cart=159&quantity=1
160,NG-DRN-007,"Roborock S8 MaxV Ultra - Smart Robot Vacuum with 10,000Pa Suction",8859,7699,Smart Home & IoT,https://neogen.store/?p=160,https://neogen.store/?add-to-cart=160,https://neogen.store/cart/?add-to-cart=160&quantity=1,https://neogen.store/checkout/?add-to-cart=160&quantity=1
161,NG-DRN-006,FIMI X8 Mini V2 - 4K Drone at 245g with Competitive Pricing,2399,,Drones & Robotics,https://neogen.store/?p=161,https://neogen.store/?add-to-cart=161,https://neogen.store/cart/?add-to-cart=161&quantity=1,https://neogen.store/checkout/?add-to-cart=161&quantity=1
162,NG-DRN-005,Insta360 X4 - 8K 360-Degree Camera,3499,,Drones & Robotics,https://neogen.store/?p=162,https://neogen.store/?add-to-cart=162,https://neogen.store/cart/?add-to-cart=162&quantity=1,https://neogen.store/checkout/?add-to-cart=162&quantity=1
163,NG-DRN-004,DJI RS 4 - 3-Axis Gimbal Stabilizer for Professional Cameras,3099,,Drones & Robotics,https://neogen.store/?p=163,https://neogen.store/?add-to-cart=163,https://neogen.store/cart/?add-to-cart=163&quantity=1,https://neogen.store/checkout/?add-to-cart=163&quantity=1
164,NG-DRN-003,DJI Osmo Action 5 Pro - 4K/120fps Waterproof Action Camera,2499,,Drones & Robotics,https://neogen.store/?p=164,https://neogen.store/?add-to-cart=164,https://neogen.store/cart/?add-to-cart=164&quantity=1,https://neogen.store/checkout/?add-to-cart=164&quantity=1
165,NG-DRN-002,DJI Avata 2 - Immersive FPV Drone with Goggles,4099,,Drones & Robotics,https://neogen.store/?p=165,https://neogen.store/?add-to-cart=165,https://neogen.store/cart/?add-to-cart=165&quantity=1,https://neogen.store/checkout/?add-to-cart=165&quantity=1
166,NG-DRN-001,DJI Mini 4 Pro - Sub-249g Drone with 4K/60fps Camera,7019,6099,Drones & Robotics,https://neogen.store/?p=166,https://neogen.store/?add-to-cart=166,https://neogen.store/cart/?add-to-cart=166&quantity=1,https://neogen.store/checkout/?add-to-cart=166&quantity=1
167,NG-CBL-008,HDMI 2.1 8K Fiber Optic Cable (10m) - Zero Signal Loss,359,,Cables & Adapters,https://neogen.store/?p=167,https://neogen.store/?add-to-cart=167,https://neogen.store/cart/?add-to-cart=167&quantity=1,https://neogen.store/checkout/?add-to-cart=167&quantity=1
168,NG-CBL-007,DAC SFP+ 10G Direct Attach Cable (3m) - Direct Switch-to-Switch Connection,229,,Cables & Adapters,https://neogen.store/?p=168,https://neogen.store/?add-to-cart=168,https://neogen.store/cart/?add-to-cart=168&quantity=1,https://neogen.store/checkout/?add-to-cart=168&quantity=1
169,NG-CBL-006,Ugreen 5-in-1 USB-C Dock - HDMI 4K + Ethernet + USB 3.0,289,249,Cables & Adapters,https://neogen.store/?p=169,https://neogen.store/?add-to-cart=169,https://neogen.store/cart/?add-to-cart=169&quantity=1,https://neogen.store/checkout/?add-to-cart=169&quantity=1
170,NG-CBL-005,Baseus USB-C 100W Charging Cable (2m) - Fast Charge for Laptops and Phones,109,,Cables & Adapters,https://neogen.store/?p=170,https://neogen.store/?add-to-cart=170,https://neogen.store/cart/?add-to-cart=170&quantity=1,https://neogen.store/checkout/?add-to-cart=170&quantity=1
171,NG-CBL-004,Ugreen Cat 8 Ethernet Cable (5m) - 40Gbps Network Cable,149,,Cables & Adapters,https://neogen.store/?p=171,https://neogen.store/?add-to-cart=171,https://neogen.store/cart/?add-to-cart=171&quantity=1,https://neogen.store/checkout/?add-to-cart=171&quantity=1
172,NG-CBL-003,Cable Matters Thunderbolt 4 Cable (2m) - 40Gbps with 100W Charging,419,,Cables & Adapters,https://neogen.store/?p=172,https://neogen.store/?add-to-cart=172,https://neogen.store/cart/?add-to-cart=172&quantity=1,https://neogen.store/checkout/?add-to-cart=172&quantity=1
173,NG-CBL-002,Anker USB-C Hub 7-in-1 - Multi-Port Adapter for Laptops,349,,Cables & Adapters,https://neogen.store/?p=173,https://neogen.store/?add-to-cart=173,https://neogen.store/cart/?add-to-cart=173&quantity=1,https://neogen.store/checkout/?add-to-cart=173&quantity=1
174,NG-CBL-001,Ugreen USB-C to HDMI 2.1 Cable (2m) - 8K@60Hz Output,219,,Cables & Adapters,https://neogen.store/?p=174,https://neogen.store/?add-to-cart=174,https://neogen.store/cart/?add-to-cart=174&quantity=1,https://neogen.store/checkout/?add-to-cart=174&quantity=1
175,NG-3DP-008,Phrozen Sonic Mini 8K S - 22-Micron Pixel Resin 3D Printer,2899,,3D Printing & CNC,https://neogen.store/?p=175,https://neogen.store/?add-to-cart=175,https://neogen.store/cart/?add-to-cart=175&quantity=1,https://neogen.store/checkout/?add-to-cart=175&quantity=1
176,NG-3DP-007,Creality Sonic Pad - Klipper Tablet to Supercharge Your 3D Printer,1049,,3D Printing & CNC,https://neogen.store/?p=176,https://neogen.store/?add-to-cart=176,https://neogen.store/cart/?add-to-cart=176&quantity=1,https://neogen.store/checkout/?add-to-cart=176&quantity=1
177,NG-3DP-006,BIQU H2 V2S Direct Drive Extruder - Lightweight Upgrade for Your 3D Printer,540,,3D Printing & CNC,https://neogen.store/?p=177,https://neogen.store/?add-to-cart=177,https://neogen.store/cart/?add-to-cart=177&quantity=1,https://neogen.store/checkout/?add-to-cart=177&quantity=1
178,NG-3DP-005,Elegoo Saturn 3 Ultra - 12K Resin 3D Printer with 10-inch Screen,3499,,3D Printing & CNC,https://neogen.store/?p=178,https://neogen.store/?add-to-cart=178,https://neogen.store/cart/?add-to-cart=178&quantity=1,https://neogen.store/checkout/?add-to-cart=178&quantity=1
179,NG-3DP-004,eSUN PLA+ Filament 10-Color Pack - 10kg Total for 3D Printing,1299,,3D Printing & CNC,https://neogen.store/?p=179,https://neogen.store/?add-to-cart=179,https://neogen.store/cart/?add-to-cart=179&quantity=1,https://neogen.store/checkout/?add-to-cart=179&quantity=1
180,NG-3DP-003,Creality K1 Max - Large Format 3D Printer at 600mm/s,3380,,3D Printing & CNC,https://neogen.store/?p=180,https://neogen.store/?add-to-cart=180,https://neogen.store/cart/?add-to-cart=180&quantity=1,https://neogen.store/checkout/?add-to-cart=180&quantity=1
181,NG-3DP-002,Bambu Lab AMS - Automatic Material System for Multi-Color 3D Printing,1250,,3D Printing & CNC,https://neogen.store/?p=181,https://neogen.store/?add-to-cart=181,https://neogen.store/cart/?add-to-cart=181&quantity=1,https://neogen.store/checkout/?add-to-cart=181&quantity=1
182,NG-3DP-001,Bambu Lab P1S 3D Printer - Blazing Speed and Pro Quality in an Enclosed Design,5099,,3D Printing & CNC,https://neogen.store/?p=182,https://neogen.store/?add-to-cart=182,https://neogen.store/cart/?add-to-cart=182&quantity=1,https://neogen.store/checkout/?add-to-cart=182&quantity=1
183,NG-ACC-010,WD Red Plus 8TB NAS Hard Drive - Built for Always-On NAS Systems,1449,,Hardware,https://neogen.store/?p=183,https://neogen.store/?add-to-cart=183,https://neogen.store/cart/?add-to-cart=183&quantity=1,https://neogen.store/checkout/?add-to-cart=183&quantity=1
184,NG-ACC-009,Ugreen Nexode 100W GaN Charger - 4-Port Gallium Nitride Fast Charger,439,,Accessories & Lifestyle,https://neogen.store/?p=184,https://neogen.store/?add-to-cart=184,https://neogen.store/cart/?add-to-cart=184&quantity=1,https://neogen.store/checkout/?add-to-cart=184&quantity=1
185,NG-ACC-008,CalDigit TS4 Thunderbolt 4 Dock - 18-Port Professional Docking Station,2170,,Accessories & Lifestyle,https://neogen.store/?p=185,https://neogen.store/?add-to-cart=185,https://neogen.store/cart/?add-to-cart=185&quantity=1,https://neogen.store/checkout/?add-to-cart=185&quantity=1
186,NG-ACC-007,Anker PowerConf S330 USB Speakerphone - Smart Noise-Canceling Conference Speaker,599,,Accessories & Lifestyle,https://neogen.store/?p=186,https://neogen.store/?add-to-cart=186,https://neogen.store/cart/?add-to-cart=186&quantity=1,https://neogen.store/checkout/?add-to-cart=186&quantity=1
187,NG-ACC-006,"Samsung T7 Shield 2TB Portable SSD - Rugged, Fast, and Secure",1299,,Hardware,https://neogen.store/?p=187,https://neogen.store/?add-to-cart=187,https://neogen.store/cart/?add-to-cart=187&quantity=1,https://neogen.store/checkout/?add-to-cart=187&quantity=1
188,NG-MKR-010,Elegoo Mars 4 Ultra Resin 3D Printer - 9K Resolution for Stunning Detail,2399,,Enthusiasts & Gamers,https://neogen.store/?p=188,https://neogen.store/?add-to-cart=188,https://neogen.store/cart/?add-to-cart=188&quantity=1,https://neogen.store/checkout/?add-to-cart=188&quantity=1
189,NG-MKR-009,ESP32-S3 DevKit 10-Pack - Wi-Fi + Bluetooth 5 Microcontroller for Smart Projects,809,699,Hardware,https://neogen.store/?p=189,https://neogen.store/?add-to-cart=189,https://neogen.store/cart/?add-to-cart=189&quantity=1,https://neogen.store/checkout/?add-to-cart=189&quantity=1
190,NG-MKR-008,Creality Ender-3 V3 SE - The Best Entry-Level 3D Printer,1250,,Enthusiasts & Gamers,https://neogen.store/?p=190,https://neogen.store/?add-to-cart=190,https://neogen.store/cart/?add-to-cart=190&quantity=1,https://neogen.store/checkout/?add-to-cart=190&quantity=1
191,NG-MKR-007,Prusa Mini+ 3D Printer - Professional Precision in a Compact Package,3799,3299,Enthusiasts & Gamers,https://neogen.store/?p=191,https://neogen.store/?add-to-cart=191,https://neogen.store/cart/?add-to-cart=191&quantity=1,https://neogen.store/checkout/?add-to-cart=191&quantity=1
192,NG-MKR-006,Arduino Mega 2560 Rev3 - The Ultimate Microcontroller Board for Advanced Projects,549,,Hardware,https://neogen.store/?p=192,https://neogen.store/?add-to-cart=192,https://neogen.store/cart/?add-to-cart=192&quantity=1,https://neogen.store/checkout/?add-to-cart=192&quantity=1
193,NG-GAM-012,Elgato Wave:3 - Premium USB Condenser Microphone for Streaming,1329,1149,Gaming,https://neogen.store/?p=193,https://neogen.store/?add-to-cart=193,https://neogen.store/cart/?add-to-cart=193&quantity=1,https://neogen.store/checkout/?add-to-cart=193&quantity=1
194,NG-GAM-011,SteelSeries QcK Heavy XXL - Extra-Large Gaming Mouse Pad,200,,Gaming,https://neogen.store/?p=194,https://neogen.store/?add-to-cart=194,https://neogen.store/cart/?add-to-cart=194&quantity=1,https://neogen.store/checkout/?add-to-cart=194&quantity=1
195,NG-GAM-010,BenQ Zowie XL2546K - 240Hz Esports Gaming Monitor,3449,2999,Gaming,https://neogen.store/?p=195,https://neogen.store/?add-to-cart=195,https://neogen.store/cart/?add-to-cart=195&quantity=1,https://neogen.store/checkout/?add-to-cart=195&quantity=1
196,NG-GAM-009,Corsair K70 RGB Pro - Legendary Mechanical Gaming Keyboard,999,,Gaming,https://neogen.store/?p=196,https://neogen.store/?add-to-cart=196,https://neogen.store/cart/?add-to-cart=196&quantity=1,https://neogen.store/checkout/?add-to-cart=196&quantity=1
197,NG-GAM-008,Razer Basilisk V3 X HyperSpeed - Versatile Wireless Gaming Mouse,649,,Gaming,https://neogen.store/?p=197,https://neogen.store/?add-to-cart=197,https://neogen.store/cart/?add-to-cart=197&quantity=1,https://neogen.store/checkout/?add-to-cart=197&quantity=1
198,NG-GAM-007,8BitDo Arcade Stick - Authentic Arcade Experience at Home,530,,Gaming,https://neogen.store/?p=198,https://neogen.store/?add-to-cart=198,https://neogen.store/cart/?add-to-cart=198&quantity=1,https://neogen.store/checkout/?add-to-cart=198&quantity=1
199,NG-GAM-006,SteelSeries Arctis Nova 7 - Multi-Platform Wireless Gaming Headset,1199,,Gaming,https://neogen.store/?p=199,https://neogen.store/?add-to-cart=199,https://neogen.store/cart/?add-to-cart=199&quantity=1,https://neogen.store/checkout/?add-to-cart=199&quantity=1
200,NG-GAM-005,Elgato HD60 X - External Capture Card for Streaming and Recording,1249,,Gaming,https://neogen.store/?p=200,https://neogen.store/?add-to-cart=200,https://neogen.store/cart/?add-to-cart=200&quantity=1,https://neogen.store/checkout/?add-to-cart=200&quantity=1
201,NG-GAM-004,Razer BlackWidow V4 75% - Compact Mechanical Gaming Keyboard,1199,,Gaming,https://neogen.store/?p=201,https://neogen.store/?add-to-cart=201,https://neogen.store/cart/?add-to-cart=201&quantity=1,https://neogen.store/checkout/?add-to-cart=201&quantity=1
202,NG-GAM-003,HyperX Cloud III Wireless - Premium Wireless Gaming Headset,1149,999,Gaming,https://neogen.store/?p=202,https://neogen.store/?add-to-cart=202,https://neogen.store/cart/?add-to-cart=202&quantity=1,https://neogen.store/checkout/?add-to-cart=202&quantity=1
203,NG-GAM-002,Razer DeathAdder V3 HyperSpeed - Ultra-Light Wireless Gaming Mouse,979,849,Gaming,https://neogen.store/?p=203,https://neogen.store/?add-to-cart=203,https://neogen.store/cart/?add-to-cart=203&quantity=1,https://neogen.store/checkout/?add-to-cart=203&quantity=1
204,NG-GAM-001,8BitDo Ultimate C Bluetooth Controller - Multi-Platform Gaming,180,,Gaming,https://neogen.store/?p=204,https://neogen.store/?add-to-cart=204,https://neogen.store/cart/?add-to-cart=204&quantity=1,https://neogen.store/checkout/?add-to-cart=204&quantity=1
205,NG-NET-012,Ubiquiti UniFi Cloud Gateway Ultra - All-in-One UniFi Gateway,680,,Networking,https://neogen.store/?p=205,https://neogen.store/?add-to-cart=205,https://neogen.store/cart/?add-to-cart=205&quantity=1,https://neogen.store/checkout/?add-to-cart=205&quantity=1
206,NG-NET-011,TP-Link Archer AXE75 - AXE5400 Tri-Band WiFi 6E Router,1499,1299,Networking,https://neogen.store/?p=206,https://neogen.store/?add-to-cart=206,https://neogen.store/cart/?add-to-cart=206&quantity=1,https://neogen.store/checkout/?add-to-cart=206&quantity=1
207,NG-NET-010,Ubiquiti UniFi USW-Flex-Mini - Ultra-Compact 5-Port Managed Switch,219,,Networking,https://neogen.store/?p=207,https://neogen.store/?add-to-cart=207,https://neogen.store/cart/?add-to-cart=207&quantity=1,https://neogen.store/checkout/?add-to-cart=207&quantity=1
208,NG-NET-009,Netgear GS308E - 8-Port Gigabit Plus Smart Managed Switch,209,,Networking,https://neogen.store/?p=208,https://neogen.store/?add-to-cart=208,https://neogen.store/cart/?add-to-cart=208&quantity=1,https://neogen.store/checkout/?add-to-cart=208&quantity=1
209,NG-NET-008,MikroTik hEX S (RB760iGS) - 5-Port Gigabit Router with SFP and USB,649,,Networking,https://neogen.store/?p=209,https://neogen.store/?add-to-cart=209,https://neogen.store/cart/?add-to-cart=209&quantity=1,https://neogen.store/checkout/?add-to-cart=209&quantity=1
210,NG-NET-007,Ubiquiti EdgeRouter X - Advanced Gigabit Router in a Pocket-Sized Form,549,,Networking,https://neogen.store/?p=210,https://neogen.store/?add-to-cart=210,https://neogen.store/cart/?add-to-cart=210&quantity=1,https://neogen.store/checkout/?add-to-cart=210&quantity=1
211,NG-NET-006,TP-Link TL-SG108E - 8-Port Gigabit Easy Smart Managed Switch,229,,Networking,https://neogen.store/?p=211,https://neogen.store/?add-to-cart=211,https://neogen.store/cart/?add-to-cart=211&quantity=1,https://neogen.store/checkout/?add-to-cart=211&quantity=1
212,NG-NET-005,Ubiquiti UniFi 6 Lite - WiFi 6 Access Point (AX1500),849,,Networking,https://neogen.store/?p=212,https://neogen.store/?add-to-cart=212,https://neogen.store/cart/?add-to-cart=212&quantity=1,https://neogen.store/checkout/?add-to-cart=212&quantity=1
213,NG-NET-004,MikroTik CRS305-1G-4S+IN - 4-Port 10G SFP+ Desktop Switch,1149,,Networking,https://neogen.store/?p=213,https://neogen.store/?add-to-cart=213,https://neogen.store/cart/?add-to-cart=213&quantity=1,https://neogen.store/checkout/?add-to-cart=213&quantity=1
214,NG-NET-003,Ubiquiti UniFi Switch Lite 16 PoE - 16-Port Managed Gigabit PoE+ Switch,1399,,Networking,https://neogen.store/?p=214,https://neogen.store/?add-to-cart=214,https://neogen.store/cart/?add-to-cart=214&quantity=1,https://neogen.store/checkout/?add-to-cart=214&quantity=1
215,NG-NET-002,TP-Link Deco XE75 (3-Pack) - AXE5400 WiFi 6E Whole-Home Mesh System,2419,2099,Networking,https://neogen.store/?p=215,https://neogen.store/?add-to-cart=215,https://neogen.store/cart/?add-to-cart=215&quantity=1,https://neogen.store/checkout/?add-to-cart=215&quantity=1
216,NG-NET-001,MikroTik hAP ax3 - WiFi 6 Router with RouterOS Power,799,,Networking,https://neogen.store/?p=216,https://neogen.store/?add-to-cart=216,https://neogen.store/cart/?add-to-cart=216&quantity=1,https://neogen.store/checkout/?add-to-cart=216&quantity=1
217,NG-SH-015,Sonoff SNZB-02D Zigbee Temperature &amp; Humidity Sensor with LCD Display,159,,Smart Home & IoT,https://neogen.store/?p=217,https://neogen.store/?add-to-cart=217,https://neogen.store/cart/?add-to-cart=217&quantity=1,https://neogen.store/checkout/?add-to-cart=217&quantity=1
218,NG-SH-014,MOES Zigbee Smart Thermostat (BHT-002-GCLZB) - Programmable HVAC Control,439,379,Smart Home & IoT,https://neogen.store/?p=218,https://neogen.store/?add-to-cart=218,https://neogen.store/cart/?add-to-cart=218&quantity=1,https://neogen.store/checkout/?add-to-cart=218&quantity=1
219,NG-SH-013,Zemismart Zigbee Smart Tubular Motor (ZM25TQ) - Heavy-Duty Roller Blind Motor,699,,Smart Home & IoT,https://neogen.store/?p=219,https://neogen.store/?add-to-cart=219,https://neogen.store/cart/?add-to-cart=219&quantity=1,https://neogen.store/checkout/?add-to-cart=219&quantity=1
220,NG-SH-012,Aqara Roller Shade Driver E1 (RSD-M01) - Smart Roller Blind Motor with HomeKit,689,599,Smart Home & IoT,https://neogen.store/?p=220,https://neogen.store/?add-to-cart=220,https://neogen.store/cart/?add-to-cart=220&quantity=1,https://neogen.store/checkout/?add-to-cart=220&quantity=1
221,NG-SH-011,SwitchBot Bot (S1) - Robotic Finger That Makes Any Button Smart,279,,Smart Home & IoT,https://neogen.store/?p=221,https://neogen.store/?add-to-cart=221,https://neogen.store/cart/?add-to-cart=221&quantity=1,https://neogen.store/checkout/?add-to-cart=221&quantity=1
222,NG-SH-010,Eve Energy Smart Plug (Matter/Thread) - Next-Gen Smart Plug with Power Monitoring,399,,Smart Home & IoT,https://neogen.store/?p=222,https://neogen.store/?add-to-cart=222,https://neogen.store/cart/?add-to-cart=222&quantity=1,https://neogen.store/checkout/?add-to-cart=222&quantity=1
223,NG-SH-009,Aqara Motion Sensor P1 (MS-S02) - Wide-Angle 170° Smart PIR Sensor,279,,Smart Home & IoT,https://neogen.store/?p=223,https://neogen.store/?add-to-cart=223,https://neogen.store/cart/?add-to-cart=223&quantity=1,https://neogen.store/checkout/?add-to-cart=223&quantity=1
224,NG-SH-008,Shelly Plus 1PM - Smart Wi-Fi Relay with Power Monitoring,189,,Smart Home & IoT,https://neogen.store/?p=224,https://neogen.store/?add-to-cart=224,https://neogen.store/cart/?add-to-cart=224&quantity=1,https://neogen.store/checkout/?add-to-cart=224&quantity=1
225,NG-SH-007,SwitchBot Curtain 3 (W2400000) - Turn Any Curtain Smart in Minutes,639,549,Smart Home & IoT,https://neogen.store/?p=225,https://neogen.store/?add-to-cart=225,https://neogen.store/cart/?add-to-cart=225&quantity=1,https://neogen.store/checkout/?add-to-cart=225&quantity=1
226,NG-SH-006,Aqara Hub M2 (HM2-G01) - Multi-Protocol Smart Home Gateway,499,,Smart Home & IoT,https://neogen.store/?p=226,https://neogen.store/?add-to-cart=226,https://neogen.store/cart/?add-to-cart=226&quantity=1,https://neogen.store/checkout/?add-to-cart=226&quantity=1
227,NG-ENT-010,Ubiquiti UniFi Switch Pro 24 PoE (USW-Pro-24-PoE) - Smart Managed PoE+ Switch,4199,,Homelab,https://neogen.store/?p=227,https://neogen.store/?add-to-cart=227,https://neogen.store/cart/?add-to-cart=227&quantity=1,https://neogen.store/checkout/?add-to-cart=227&quantity=1
228,NG-ENT-009,HPE ProLiant DL380 Gen10 Server (Refurbished) - Data Center Power at Smart Pricing,8630,,Homelab,https://neogen.store/?p=228,https://neogen.store/?add-to-cart=228,https://neogen.store/cart/?add-to-cart=228&quantity=1,https://neogen.store/checkout/?add-to-cart=228&quantity=1
229,NG-ENT-008,APC Smart-UPS 1500VA LCD RM 2U (SMT1500RMI2U) - Pure Sine Wave Rack UPS,4899,,Homelab,https://neogen.store/?p=229,https://neogen.store/?add-to-cart=229,https://neogen.store/cart/?add-to-cart=229&quantity=1,https://neogen.store/checkout/?add-to-cart=229&quantity=1
230,NG-ENT-007,MikroTik CRS326-24G-2S+RM 24-Port Managed Gigabit Switch with 10G SFP+,1110,,Homelab,https://neogen.store/?p=230,https://neogen.store/?add-to-cart=230,https://neogen.store/cart/?add-to-cart=230&quantity=1,https://neogen.store/checkout/?add-to-cart=230&quantity=1
231,NG-ENT-006,Synology DiskStation DS1621+ 6-Bay NAS - Enterprise Storage Powerhouse,5599,,Homelab,https://neogen.store/?p=231,https://neogen.store/?add-to-cart=231,https://neogen.store/cart/?add-to-cart=231&quantity=1,https://neogen.store/checkout/?add-to-cart=231&quantity=1
233,NG-ACC-004,Seagate IronWolf 18TB NAS Internal Hard Drive - Built for 24/7 Performance,3109,2699,Hardware,https://neogen.store/?p=233,https://neogen.store/?add-to-cart=233,https://neogen.store/cart/?add-to-cart=233&quantity=1,https://neogen.store/checkout/?add-to-cart=233&quantity=1
234,NG-ACC-003,Mark Ryden Anti-theft Laptop Backpack - Maximum Protection for Your Tech,479,409,Accessories & Lifestyle,https://neogen.store/?p=234,https://neogen.store/?add-to-cart=234,https://neogen.store/cart/?add-to-cart=234&quantity=1,https://neogen.store/checkout/?add-to-cart=234&quantity=1
235,NG-ACC-002,Anker 735 GaN 65W Charger - Compact 3-Port Fast Charger,379,,Accessories & Lifestyle,https://neogen.store/?p=235,https://neogen.store/?add-to-cart=235,https://neogen.store/cart/?add-to-cart=235&quantity=1,https://neogen.store/checkout/?add-to-cart=235&quantity=1
236,NG-ACC-001,Baseus Blade 100W Power Bank - Ultra-Slim Laptop Portable Charger,499,,Accessories & Lifestyle,https://neogen.store/?p=236,https://neogen.store/?add-to-cart=236,https://neogen.store/cart/?add-to-cart=236&quantity=1,https://neogen.store/checkout/?add-to-cart=236&quantity=1
237,NG-MKR-005,Elgato Stream Deck MK.2 - Professional Productivity Console with 15 LCD Keys,1439,1249,Enthusiasts & Gamers,https://neogen.store/?p=237,https://neogen.store/?add-to-cart=237,https://neogen.store/cart/?add-to-cart=237&quantity=1,https://neogen.store/checkout/?add-to-cart=237&quantity=1
238,NG-MKR-004,Meta Quest 3 128GB - The Most Powerful Mixed Reality Headset,3060,,Enthusiasts & Gamers,https://neogen.store/?p=238,https://neogen.store/?add-to-cart=238,https://neogen.store/cart/?add-to-cart=238&quantity=1,https://neogen.store/checkout/?add-to-cart=238&quantity=1
239,NG-MKR-003,Keychron Q1 - Premium Full Aluminum Custom Mechanical Keyboard,1449,,Enthusiasts & Gamers,https://neogen.store/?p=239,https://neogen.store/?add-to-cart=239,https://neogen.store/cart/?add-to-cart=239&quantity=1,https://neogen.store/checkout/?add-to-cart=239&quantity=1
240,NG-MKR-002,Raspberry Pi 5 Ultimate Starter Kit - Everything You Need in One Box,1329,1149,Hardware,https://neogen.store/?p=240,https://neogen.store/?add-to-cart=240,https://neogen.store/cart/?add-to-cart=240&quantity=1,https://neogen.store/checkout/?add-to-cart=240&quantity=1
241,NG-MKR-001,Raspberry Pi 5 8GB - The New Standard in Single Board Computing,1039,899,Hardware,https://neogen.store/?p=241,https://neogen.store/?add-to-cart=241,https://neogen.store/cart/?add-to-cart=241&quantity=1,https://neogen.store/checkout/?add-to-cart=241&quantity=1
242,NG-SH-005,Sonoff TX Ultimate (T5) Smart Wall Switch - Interactive Elegance with RGB,309,269,Smart Home & IoT,https://neogen.store/?p=242,https://neogen.store/?add-to-cart=242,https://neogen.store/cart/?add-to-cart=242&quantity=1,https://neogen.store/checkout/?add-to-cart=242&quantity=1
243,NG-SH-004,Aqara Water Leak Sensor - Safeguard Your Home from Water Damage,259,219,Smart Home & IoT,https://neogen.store/?p=243,https://neogen.store/?add-to-cart=243,https://neogen.store/cart/?add-to-cart=243&quantity=1,https://neogen.store/checkout/?add-to-cart=243&quantity=1
244,NG-SH-003,Broadlink RM4 Pro - Universal Smart Remote for IR &amp; RF Devices,359,,Smart Home & IoT,https://neogen.store/?p=244,https://neogen.store/?add-to-cart=244,https://neogen.store/cart/?add-to-cart=244&quantity=1,https://neogen.store/checkout/?add-to-cart=244&quantity=1
245,NG-SH-002,UniFi Protect G4 Pro Camera - 4K Ultra HD Surveillance Excellence,2520,,Smart Home & IoT,https://neogen.store/?p=245,https://neogen.store/?add-to-cart=245,https://neogen.store/cart/?add-to-cart=245&quantity=1,https://neogen.store/checkout/?add-to-cart=245&quantity=1
246,NG-SH-001,Aqara Smart Door Lock A100 - Elite Security with Apple HomeKey Support,1649,,Smart Home & IoT,https://neogen.store/?p=246,https://neogen.store/?add-to-cart=246,https://neogen.store/cart/?add-to-cart=246&quantity=1,https://neogen.store/checkout/?add-to-cart=246&quantity=1
247,NG-ENT-005,Asustor Flashstor 6 (FS6706T) - All-NVMe SSD NAS for Extreme Performance,3099,,Homelab,https://neogen.store/?p=247,https://neogen.store/?add-to-cart=247,https://neogen.store/cart/?add-to-cart=247&quantity=1,https://neogen.store/checkout/?add-to-cart=247&quantity=1
248,NG-ENT-004,UniFi 6 Long-Range (U6-LR) - High-Performance WiFi 6 Access Point,1180,,Homelab,https://neogen.store/?p=248,https://neogen.store/?add-to-cart=248,https://neogen.store/cart/?add-to-cart=248&quantity=1,https://neogen.store/checkout/?add-to-cart=248&quantity=1
249,NG-ENT-003,Ubiquiti UniFi Dream Machine Pro (UDM-Pro) - All-in-One Enterprise Network Console,2570,,Homelab,https://neogen.store/?p=249,https://neogen.store/?add-to-cart=249,https://neogen.store/cart/?add-to-cart=249&quantity=1,https://neogen.store/checkout/?add-to-cart=249&quantity=1
250,NG-ENT-002,Asustor Lockerstor 4 (AS6604T) - Professional 4-Bay NAS for Creators,3099,,Homelab,https://neogen.store/?p=250,https://neogen.store/?add-to-cart=250,https://neogen.store/cart/?add-to-cart=250&quantity=1,https://neogen.store/checkout/?add-to-cart=250&quantity=1
251,NG-ENT-001,"Dell PowerEdge R730 Refurbished Server - Enterprise Power, Smart Investment",8099,,Homelab,https://neogen.store/?p=251,https://neogen.store/?add-to-cart=251,https://neogen.store/cart/?add-to-cart=251&quantity=1,https://neogen.store/checkout/?add-to-cart=251&quantity=1
577,SH-WIN-ECVX-001,Ecovacs WINBOT W2 OMNI - Robotic Window Cleaner,2299,,Smart Home & IoT,https://neogen.store/?p=577,https://neogen.store/?add-to-cart=577,https://neogen.store/cart/?add-to-cart=577&quantity=1,https://neogen.store/checkout/?add-to-cart=577&quantity=1
578,SH-WIN-HBT-001,HOBOT-R3 - Window Cleaning Robot,1599,,Smart Home & IoT,https://neogen.store/?p=578,https://neogen.store/?add-to-cart=578,https://neogen.store/cart/?add-to-cart=578&quantity=1,https://neogen.store/checkout/?add-to-cart=578&quantity=1
579,SH-LWN-MAM-001,Mammotion LUBA 2 AWD 5000H - Wireless Robotic Lawn Mower,14999,,Smart Home & IoT,https://neogen.store/?p=579,https://neogen.store/?add-to-cart=579,https://neogen.store/cart/?add-to-cart=579&quantity=1,https://neogen.store/checkout/?add-to-cart=579&quantity=1
580,SH-LWN-WRX-001,Worx Landroid Vision M600 - Camera-Guided Robot Mower,6999,,Smart Home & IoT,https://neogen.store/?p=580,https://neogen.store/?add-to-cart=580,https://neogen.store/cart/?add-to-cart=580&quantity=1,https://neogen.store/checkout/?add-to-cart=580&quantity=1
581,SH-POL-BBT-001,Beatbot AquaSense Pro - Cordless Pool Cleaning Robot,7499,,Smart Home & IoT,https://neogen.store/?p=581,https://neogen.store/?add-to-cart=581,https://neogen.store/cart/?add-to-cart=581&quantity=1,https://neogen.store/checkout/?add-to-cart=581&quantity=1
582,SH-POL-DOL-001,Maytronics Dolphin Premier - Robotic Pool Cleaner,5999,,Smart Home & IoT,https://neogen.store/?p=582,https://neogen.store/?add-to-cart=582,https://neogen.store/cart/?add-to-cart=582&quantity=1,https://neogen.store/checkout/?add-to-cart=582&quantity=1
486,GC-PSN-US-10,PlayStation Store $10 (US),40,,Gift Cards & Software Keys,https://neogen.store/?p=486,https://neogen.store/?add-to-cart=486,https://neogen.store/cart/?add-to-cart=486&quantity=1,https://neogen.store/checkout/?add-to-cart=486&quantity=1
487,GC-PSN-US-25,PlayStation Store $25 (US),100,,Gift Cards & Software Keys,https://neogen.store/?p=487,https://neogen.store/?add-to-cart=487,https://neogen.store/cart/?add-to-cart=487&quantity=1,https://neogen.store/checkout/?add-to-cart=487&quantity=1
488,GC-PSN-US-50,PlayStation Store $50 (US),201,,Gift Cards & Software Keys,https://neogen.store/?p=488,https://neogen.store/?add-to-cart=488,https://neogen.store/cart/?add-to-cart=488&quantity=1,https://neogen.store/checkout/?add-to-cart=488&quantity=1
489,GC-PSN-US-100,PlayStation Store $100 (US),401,,Gift Cards & Software Keys,https://neogen.store/?p=489,https://neogen.store/?add-to-cart=489,https://neogen.store/cart/?add-to-cart=489&quantity=1,https://neogen.store/checkout/?add-to-cart=489&quantity=1
490,GC-PSN-KSA-10,PlayStation Store $10 (KSA),50,,Gift Cards & Software Keys,https://neogen.store/?p=490,https://neogen.store/?add-to-cart=490,https://neogen.store/cart/?add-to-cart=490&quantity=1,https://neogen.store/checkout/?add-to-cart=490&quantity=1
491,GC-PSN-KSA-25,PlayStation Store $25 (KSA),100,,Gift Cards & Software Keys,https://neogen.store/?p=491,https://neogen.store/?add-to-cart=491,https://neogen.store/cart/?add-to-cart=491&quantity=1,https://neogen.store/checkout/?add-to-cart=491&quantity=1
492,GC-PSN-KSA-50,PlayStation Store $50 (KSA),240,,Gift Cards & Software Keys,https://neogen.store/?p=492,https://neogen.store/?add-to-cart=492,https://neogen.store/cart/?add-to-cart=492&quantity=1,https://neogen.store/checkout/?add-to-cart=492&quantity=1
493,GC-PSN-KSA-100,PlayStation Store $100 (KSA),470,,Gift Cards & Software Keys,https://neogen.store/?p=493,https://neogen.store/?add-to-cart=493,https://neogen.store/cart/?add-to-cart=493&quantity=1,https://neogen.store/checkout/?add-to-cart=493&quantity=1
494,GC-XBX-US-10,Xbox Live $10 (US),40,,Gift Cards & Software Keys,https://neogen.store/?p=494,https://neogen.store/?add-to-cart=494,https://neogen.store/cart/?add-to-cart=494&quantity=1,https://neogen.store/checkout/?add-to-cart=494&quantity=1
495,GC-XBX-US-25,Xbox Live $25 (US),100,,Gift Cards & Software Keys,https://neogen.store/?p=495,https://neogen.store/?add-to-cart=495,https://neogen.store/cart/?add-to-cart=495&quantity=1,https://neogen.store/checkout/?add-to-cart=495&quantity=1
496,GC-XBX-US-50,Xbox Live $50 (US),201,,Gift Cards & Software Keys,https://neogen.store/?p=496,https://neogen.store/?add-to-cart=496,https://neogen.store/cart/?add-to-cart=496&quantity=1,https://neogen.store/checkout/?add-to-cart=496&quantity=1
497,GC-XBX-US-100,Xbox Live $100 (US),401,,Gift Cards & Software Keys,https://neogen.store/?p=497,https://neogen.store/?add-to-cart=497,https://neogen.store/cart/?add-to-cart=497&quantity=1,https://neogen.store/checkout/?add-to-cart=497&quantity=1
498,GC-XBX-KSA-10,Xbox Live $10 (KSA),40,,Gift Cards & Software Keys,https://neogen.store/?p=498,https://neogen.store/?add-to-cart=498,https://neogen.store/cart/?add-to-cart=498&quantity=1,https://neogen.store/checkout/?add-to-cart=498&quantity=1
499,GC-XBX-KSA-25,Xbox Live $25 (KSA),100,,Gift Cards & Software Keys,https://neogen.store/?p=499,https://neogen.store/?add-to-cart=499,https://neogen.store/cart/?add-to-cart=499&quantity=1,https://neogen.store/checkout/?add-to-cart=499&quantity=1
500,GC-XBX-KSA-50,Xbox Live $50 (KSA),201,,Gift Cards & Software Keys,https://neogen.store/?p=500,https://neogen.store/?add-to-cart=500,https://neogen.store/cart/?add-to-cart=500&quantity=1,https://neogen.store/checkout/?add-to-cart=500&quantity=1
501,GC-XBX-KSA-100,Xbox Live $100 (KSA),401,,Gift Cards & Software Keys,https://neogen.store/?p=501,https://neogen.store/?add-to-cart=501,https://neogen.store/cart/?add-to-cart=501&quantity=1,https://neogen.store/checkout/?add-to-cart=501&quantity=1
502,GC-XBX-UK-10,Xbox Live $10 (UK),40,,Gift Cards & Software Keys,https://neogen.store/?p=502,https://neogen.store/?add-to-cart=502,https://neogen.store/cart/?add-to-cart=502&quantity=1,https://neogen.store/checkout/?add-to-cart=502&quantity=1
503,GC-XBX-UK-25,Xbox Live $25 (UK),100,,Gift Cards & Software Keys,https://neogen.store/?p=503,https://neogen.store/?add-to-cart=503,https://neogen.store/cart/?add-to-cart=503&quantity=1,https://neogen.store/checkout/?add-to-cart=503&quantity=1
504,GC-XBX-UK-50,Xbox Live $50 (UK),201,,Gift Cards & Software Keys,https://neogen.store/?p=504,https://neogen.store/?add-to-cart=504,https://neogen.store/cart/?add-to-cart=504&quantity=1,https://neogen.store/checkout/?add-to-cart=504&quantity=1
505,GC-XBX-UK-100,Xbox Live $100 (UK),401,,Gift Cards & Software Keys,https://neogen.store/?p=505,https://neogen.store/?add-to-cart=505,https://neogen.store/cart/?add-to-cart=505&quantity=1,https://neogen.store/checkout/?add-to-cart=505&quantity=1
506,GC-STM-GLOBAL-5,Steam Wallet $5 (Global),20,,Gift Cards & Software Keys,https://neogen.store/?p=506,https://neogen.store/?add-to-cart=506,https://neogen.store/cart/?add-to-cart=506&quantity=1,https://neogen.store/checkout/?add-to-cart=506&quantity=1
507,GC-STM-GLOBAL-10,Steam Wallet $10 (Global),40,,Gift Cards & Software Keys,https://neogen.store/?p=507,https://neogen.store/?add-to-cart=507,https://neogen.store/cart/?add-to-cart=507&quantity=1,https://neogen.store/checkout/?add-to-cart=507&quantity=1
508,GC-STM-GLOBAL-20,Steam Wallet $20 (Global),80,,Gift Cards & Software Keys,https://neogen.store/?p=508,https://neogen.store/?add-to-cart=508,https://neogen.store/cart/?add-to-cart=508&quantity=1,https://neogen.store/checkout/?add-to-cart=508&quantity=1
509,GC-STM-GLOBAL-50,Steam Wallet $50 (Global),225,,Gift Cards & Software Keys,https://neogen.store/?p=509,https://neogen.store/?add-to-cart=509,https://neogen.store/cart/?add-to-cart=509&quantity=1,https://neogen.store/checkout/?add-to-cart=509&quantity=1
510,GC-STM-GLOBAL-100,Steam Wallet $100 (Global),401,,Gift Cards & Software Keys,https://neogen.store/?p=510,https://neogen.store/?add-to-cart=510,https://neogen.store/cart/?add-to-cart=510&quantity=1,https://neogen.store/checkout/?add-to-cart=510&quantity=1
512,GC-RZR-GLOBAL-10,Razer Gold $10 (Global),50,,Gift Cards & Software Keys,https://neogen.store/?p=512,https://neogen.store/?add-to-cart=512,https://neogen.store/cart/?add-to-cart=512&quantity=1,https://neogen.store/checkout/?add-to-cart=512&quantity=1
513,GC-RZR-GLOBAL-25,Razer Gold $25 (Global),100,,Gift Cards & Software Keys,https://neogen.store/?p=513,https://neogen.store/?add-to-cart=513,https://neogen.store/cart/?add-to-cart=513&quantity=1,https://neogen.store/checkout/?add-to-cart=513&quantity=1
514,GC-RZR-GLOBAL-50,Razer Gold $50 (Global),235,,Gift Cards & Software Keys,https://neogen.store/?p=514,https://neogen.store/?add-to-cart=514,https://neogen.store/cart/?add-to-cart=514&quantity=1,https://neogen.store/checkout/?add-to-cart=514&quantity=1
515,GC-RZR-GLOBAL-100,Razer Gold $100 (Global),470,,Gift Cards & Software Keys,https://neogen.store/?p=515,https://neogen.store/?add-to-cart=515,https://neogen.store/cart/?add-to-cart=515&quantity=1,https://neogen.store/checkout/?add-to-cart=515&quantity=1
517,GC-RBX-US-10,Roblox $10 (US),40,,Gift Cards & Software Keys,https://neogen.store/?p=517,https://neogen.store/?add-to-cart=517,https://neogen.store/cart/?add-to-cart=517&quantity=1,https://neogen.store/checkout/?add-to-cart=517&quantity=1
518,GC-RBX-US-25,Roblox $25 (US),100,,Gift Cards & Software Keys,https://neogen.store/?p=518,https://neogen.store/?add-to-cart=518,https://neogen.store/cart/?add-to-cart=518&quantity=1,https://neogen.store/checkout/?add-to-cart=518&quantity=1
519,GC-RBX-US-50,Roblox $50 (US),201,,Gift Cards & Software Keys,https://neogen.store/?p=519,https://neogen.store/?add-to-cart=519,https://neogen.store/cart/?add-to-cart=519&quantity=1,https://neogen.store/checkout/?add-to-cart=519&quantity=1
520,GC-RBX-US-100,Roblox $100 (US),401,,Gift Cards & Software Keys,https://neogen.store/?p=520,https://neogen.store/?add-to-cart=520,https://neogen.store/cart/?add-to-cart=520&quantity=1,https://neogen.store/checkout/?add-to-cart=520&quantity=1
522,GC-PBG-GLOBAL-60,PUBG Mobile UC 60 UC (Global),5,,Gift Cards & Software Keys,https://neogen.store/?p=522,https://neogen.store/?add-to-cart=522,https://neogen.store/cart/?add-to-cart=522&quantity=1,https://neogen.store/checkout/?add-to-cart=522&quantity=1
523,GC-PBG-GLOBAL-325,PUBG Mobile UC 325 UC (Global),13,,Gift Cards & Software Keys,https://neogen.store/?p=523,https://neogen.store/?add-to-cart=523,https://neogen.store/cart/?add-to-cart=523&quantity=1,https://neogen.store/checkout/?add-to-cart=523&quantity=1
524,GC-PBG-GLOBAL-660,PUBG Mobile UC 660 UC (Global),26,,Gift Cards & Software Keys,https://neogen.store/?p=524,https://neogen.store/?add-to-cart=524,https://neogen.store/cart/?add-to-cart=524&quantity=1,https://neogen.store/checkout/?add-to-cart=524&quantity=1
525,GC-PBG-GLOBAL-1800,PUBG Mobile UC 1800 UC (Global),72,,Gift Cards & Software Keys,https://neogen.store/?p=525,https://neogen.store/?add-to-cart=525,https://neogen.store/cart/?add-to-cart=525&quantity=1,https://neogen.store/checkout/?add-to-cart=525&quantity=1
526,GC-PBG-GLOBAL-3850,PUBG Mobile UC 3850 UC (Global),154,,Gift Cards & Software Keys,https://neogen.store/?p=526,https://neogen.store/?add-to-cart=526,https://neogen.store/cart/?add-to-cart=526&quantity=1,https://neogen.store/checkout/?add-to-cart=526&quantity=1
528,GC-FRF-GLOBAL-100,Free Fire Diamonds 100 Diamonds (Global),5,,Gift Cards & Software Keys,https://neogen.store/?p=528,https://neogen.store/?add-to-cart=528,https://neogen.store/cart/?add-to-cart=528&quantity=1,https://neogen.store/checkout/?add-to-cart=528&quantity=1
529,GC-FRF-GLOBAL-310,Free Fire Diamonds 310 Diamonds (Global),12,,Gift Cards & Software Keys,https://neogen.store/?p=529,https://neogen.store/?add-to-cart=529,https://neogen.store/cart/?add-to-cart=529&quantity=1,https://neogen.store/checkout/?add-to-cart=529&quantity=1
530,GC-FRF-GLOBAL-1080,Free Fire Diamonds 1080 Diamonds (Global),43,,Gift Cards & Software Keys,https://neogen.store/?p=530,https://neogen.store/?add-to-cart=530,https://neogen.store/cart/?add-to-cart=530&quantity=1,https://neogen.store/checkout/?add-to-cart=530&quantity=1
531,GC-FRF-GLOBAL-2200,Free Fire Diamonds 2200 Diamonds (Global),88,,Gift Cards & Software Keys,https://neogen.store/?p=531,https://neogen.store/?add-to-cart=531,https://neogen.store/cart/?add-to-cart=531&quantity=1,https://neogen.store/checkout/?add-to-cart=531&quantity=1
533,GC-MLB-GLOBAL-86,Mobile Legends Diamonds 86 Diamonds (Global),5,,Gift Cards & Software Keys,https://neogen.store/?p=533,https://neogen.store/?add-to-cart=533,https://neogen.store/cart/?add-to-cart=533&quantity=1,https://neogen.store/checkout/?add-to-cart=533&quantity=1
534,GC-MLB-GLOBAL-172,Mobile Legends Diamonds 172 Diamonds (Global),7,,Gift Cards & Software Keys,https://neogen.store/?p=534,https://neogen.store/?add-to-cart=534,https://neogen.store/cart/?add-to-cart=534&quantity=1,https://neogen.store/checkout/?add-to-cart=534&quantity=1
535,GC-MLB-GLOBAL-706,Mobile Legends Diamonds 706 Diamonds (Global),28,,Gift Cards & Software Keys,https://neogen.store/?p=535,https://neogen.store/?add-to-cart=535,https://neogen.store/cart/?add-to-cart=535&quantity=1,https://neogen.store/checkout/?add-to-cart=535&quantity=1
536,GC-MLB-GLOBAL-2195,Mobile Legends Diamonds 2195 Diamonds (Global),88,,Gift Cards & Software Keys,https://neogen.store/?p=536,https://neogen.store/?add-to-cart=536,https://neogen.store/cart/?add-to-cart=536&quantity=1,https://neogen.store/checkout/?add-to-cart=536&quantity=1
537,GC-APL-US-10,Apple iTunes / App Store $10 (US),40,,Gift Cards & Software Keys,https://neogen.store/?p=537,https://neogen.store/?add-to-cart=537,https://neogen.store/cart/?add-to-cart=537&quantity=1,https://neogen.store/checkout/?add-to-cart=537&quantity=1
538,GC-APL-US-25,Apple iTunes / App Store $25 (US),100,,Gift Cards & Software Keys,https://neogen.store/?p=538,https://neogen.store/?add-to-cart=538,https://neogen.store/cart/?add-to-cart=538&quantity=1,https://neogen.store/checkout/?add-to-cart=538&quantity=1
539,GC-APL-US-50,Apple iTunes / App Store $50 (US),201,,Gift Cards & Software Keys,https://neogen.store/?p=539,https://neogen.store/?add-to-cart=539,https://neogen.store/cart/?add-to-cart=539&quantity=1,https://neogen.store/checkout/?add-to-cart=539&quantity=1
540,GC-APL-US-100,Apple iTunes / App Store $100 (US),401,,Gift Cards & Software Keys,https://neogen.store/?p=540,https://neogen.store/?add-to-cart=540,https://neogen.store/cart/?add-to-cart=540&quantity=1,https://neogen.store/checkout/?add-to-cart=540&quantity=1
541,GC-APL-KSA-10,Apple iTunes / App Store $10 (KSA),40,,Gift Cards & Software Keys,https://neogen.store/?p=541,https://neogen.store/?add-to-cart=541,https://neogen.store/cart/?add-to-cart=541&quantity=1,https://neogen.store/checkout/?add-to-cart=541&quantity=1
542,GC-APL-KSA-25,Apple iTunes / App Store $25 (KSA),100,,Gift Cards & Software Keys,https://neogen.store/?p=542,https://neogen.store/?add-to-cart=542,https://neogen.store/cart/?add-to-cart=542&quantity=1,https://neogen.store/checkout/?add-to-cart=542&quantity=1
543,GC-APL-KSA-50,Apple iTunes / App Store $50 (KSA),201,,Gift Cards & Software Keys,https://neogen.store/?p=543,https://neogen.store/?add-to-cart=543,https://neogen.store/cart/?add-to-cart=543&quantity=1,https://neogen.store/checkout/?add-to-cart=543&quantity=1
544,GC-APL-KSA-100,Apple iTunes / App Store $100 (KSA),401,,Gift Cards & Software Keys,https://neogen.store/?p=544,https://neogen.store/?add-to-cart=544,https://neogen.store/cart/?add-to-cart=544&quantity=1,https://neogen.store/checkout/?add-to-cart=544&quantity=1
545,GC-GP-US-10,Google Play $10 (US),40,,Gift Cards & Software Keys,https://neogen.store/?p=545,https://neogen.store/?add-to-cart=545,https://neogen.store/cart/?add-to-cart=545&quantity=1,https://neogen.store/checkout/?add-to-cart=545&quantity=1
546,GC-GP-US-25,Google Play $25 (US),100,,Gift Cards & Software Keys,https://neogen.store/?p=546,https://neogen.store/?add-to-cart=546,https://neogen.store/cart/?add-to-cart=546&quantity=1,https://neogen.store/checkout/?add-to-cart=546&quantity=1
547,GC-GP-US-50,Google Play $50 (US),201,,Gift Cards & Software Keys,https://neogen.store/?p=547,https://neogen.store/?add-to-cart=547,https://neogen.store/cart/?add-to-cart=547&quantity=1,https://neogen.store/checkout/?add-to-cart=547&quantity=1
548,GC-GP-US-100,Google Play $100 (US),401,,Gift Cards & Software Keys,https://neogen.store/?p=548,https://neogen.store/?add-to-cart=548,https://neogen.store/cart/?add-to-cart=548&quantity=1,https://neogen.store/checkout/?add-to-cart=548&quantity=1
549,GC-GP-KSA-10,Google Play $10 (KSA),40,,Gift Cards & Software Keys,https://neogen.store/?p=549,https://neogen.store/?add-to-cart=549,https://neogen.store/cart/?add-to-cart=549&quantity=1,https://neogen.store/checkout/?add-to-cart=549&quantity=1
550,GC-GP-KSA-25,Google Play $25 (KSA),100,,Gift Cards & Software Keys,https://neogen.store/?p=550,https://neogen.store/?add-to-cart=550,https://neogen.store/cart/?add-to-cart=550&quantity=1,https://neogen.store/checkout/?add-to-cart=550&quantity=1
551,GC-GP-KSA-50,Google Play $50 (KSA),201,,Gift Cards & Software Keys,https://neogen.store/?p=551,https://neogen.store/?add-to-cart=551,https://neogen.store/cart/?add-to-cart=551&quantity=1,https://neogen.store/checkout/?add-to-cart=551&quantity=1
552,GC-GP-KSA-100,Google Play $100 (KSA),401,,Gift Cards & Software Keys,https://neogen.store/?p=552,https://neogen.store/?add-to-cart=552,https://neogen.store/cart/?add-to-cart=552&quantity=1,https://neogen.store/checkout/?add-to-cart=552&quantity=1
560,GC-SPF-GLOBAL-30,Spotify Premium $30 (Global),120,,Gift Cards & Software Keys,https://neogen.store/?p=560,https://neogen.store/?add-to-cart=560,https://neogen.store/cart/?add-to-cart=560&quantity=1,https://neogen.store/checkout/?add-to-cart=560&quantity=1
561,GC-SPF-GLOBAL-60,Spotify Premium $60 (Global),241,,Gift Cards & Software Keys,https://neogen.store/?p=561,https://neogen.store/?add-to-cart=561,https://neogen.store/cart/?add-to-cart=561&quantity=1,https://neogen.store/checkout/?add-to-cart=561&quantity=1
562,GC-SPF-GLOBAL-99,Spotify Premium $99 (Global),397,,Gift Cards & Software Keys,https://neogen.store/?p=562,https://neogen.store/?add-to-cart=562,https://neogen.store/cart/?add-to-cart=562&quantity=1,https://neogen.store/checkout/?add-to-cart=562&quantity=1
564,GC-DSP-US-25,Disney+ $25 (US),100,,Gift Cards & Software Keys,https://neogen.store/?p=564,https://neogen.store/?add-to-cart=564,https://neogen.store/cart/?add-to-cart=564&quantity=1,https://neogen.store/checkout/?add-to-cart=564&quantity=1
565,GC-DSP-US-80,Disney+ $80 (US),321,,Gift Cards & Software Keys,https://neogen.store/?p=565,https://neogen.store/?add-to-cart=565,https://neogen.store/cart/?add-to-cart=565&quantity=1,https://neogen.store/checkout/?add-to-cart=565&quantity=1
567,GC-PSP-US-1,PlayStation Plus 1 Months (US),5,,Gift Cards & Software Keys,https://neogen.store/?p=567,https://neogen.store/?add-to-cart=567,https://neogen.store/cart/?add-to-cart=567&quantity=1,https://neogen.store/checkout/?add-to-cart=567&quantity=1
568,GC-PSP-US-3,PlayStation Plus 3 Months (US),5,,Gift Cards & Software Keys,https://neogen.store/?p=568,https://neogen.store/?add-to-cart=568,https://neogen.store/cart/?add-to-cart=568&quantity=1,https://neogen.store/checkout/?add-to-cart=568&quantity=1
569,GC-PSP-US-12,PlayStation Plus 12 Months (US),5,,Gift Cards & Software Keys,https://neogen.store/?p=569,https://neogen.store/?add-to-cart=569,https://neogen.store/cart/?add-to-cart=569&quantity=1,https://neogen.store/checkout/?add-to-cart=569&quantity=1
570,GC-PSP-KSA-1,PlayStation Plus 1 Months (KSA),5,,Gift Cards & Software Keys,https://neogen.store/?p=570,https://neogen.store/?add-to-cart=570,https://neogen.store/cart/?add-to-cart=570&quantity=1,https://neogen.store/checkout/?add-to-cart=570&quantity=1
571,GC-PSP-KSA-3,PlayStation Plus 3 Months (KSA),5,,Gift Cards & Software Keys,https://neogen.store/?p=571,https://neogen.store/?add-to-cart=571,https://neogen.store/cart/?add-to-cart=571&quantity=1,https://neogen.store/checkout/?add-to-cart=571&quantity=1
572,GC-PSP-KSA-12,PlayStation Plus 12 Months (KSA),5,,Gift Cards & Software Keys,https://neogen.store/?p=572,https://neogen.store/?add-to-cart=572,https://neogen.store/cart/?add-to-cart=572&quantity=1,https://neogen.store/checkout/?add-to-cart=572&quantity=1
