"ID","SKU","Name (AR/EN)","Categories","Stock Status","Regular Price (SAR)","Sale Price (SAR)","Current Price (SAR)","Images","Permalink"
"6261","GC-SW-ACC1","Adobe Creative Cloud 1 Year | أدوبي كرييتف كلاود","Gift Cards &amp; Software Keys | بطاقات رقمية ومفاتيح","instock","2499","1999","1999","https://neogen.store/wp-content/uploads/adobe.png?wsr","https://neogen.store/product/adobe-creative-cloud-1-year-%d8%a3%d8%af%d9%88%d8%a8%d9%8a-%d9%83%d8%b1%d9%8a%d9%8a%d8%aa%d9%81-%d9%83%d9%84%d8%a7%d9%88%d8%af/"
"6260","GC-SW-KTS1","Kaspersky Total Security 1 Year | كاسبرسكي","Gift Cards &amp; Software Keys | بطاقات رقمية ومفاتيح","instock","149","119","119","https://neogen.store/wp-content/uploads/kaspersky.png?wsr","https://neogen.store/product/kaspersky-total-security-1-year-%d9%83%d8%a7%d8%b3%d8%a8%d8%b1%d8%b3%d9%83%d9%8a/"
"6259","GC-APL-100","Apple Gift Card $100 | بطاقة آبل","Gift Cards &amp; Software Keys | بطاقات رقمية ومفاتيح","instock","389","","389","https://neogen.store/wp-content/uploads/apple.png?wsr","https://neogen.store/product/apple-gift-card-100-%d8%a8%d8%b7%d8%a7%d9%82%d8%a9-%d8%a2%d8%a8%d9%84/"
"6258","GC-GP-50","Google Play $50 Gift Card | بطاقة قوقل بلاي","Gift Cards &amp; Software Keys | بطاقات رقمية ومفاتيح","instock","199","","199","https://neogen.store/wp-content/uploads/google-play.png?wsr","https://neogen.store/product/google-play-50-gift-card-%d8%a8%d8%b7%d8%a7%d9%82%d8%a9-%d9%82%d9%88%d9%82%d9%84-%d8%a8%d9%84%d8%a7%d9%8a/"
"6257","GC-NFX-100","Netflix Gift Card $100 | بطاقة نتفلكس","Gift Cards &amp; Software Keys | بطاقات رقمية ومفاتيح","instock","389","","389","https://neogen.store/wp-content/uploads/netflix.png?wsr","https://neogen.store/product/netflix-gift-card-100-%d8%a8%d8%b7%d8%a7%d9%82%d8%a9-%d9%86%d8%aa%d9%81%d9%84%d9%83%d8%b3/"
"6256","GC-XBX-GPU3","Xbox Game Pass Ultimate 3 Months | قيم باس","Gift Cards &amp; Software Keys | بطاقات رقمية ومفاتيح","instock","179","149","149","https://neogen.store/wp-content/uploads/xbox-gp.png?wsr","https://neogen.store/product/xbox-game-pass-ultimate-3-months-%d9%82%d9%8a%d9%85-%d8%a8%d8%a7%d8%b3/"
"6255","GC-STM-50","Steam Wallet $50 Gift Card | بطاقة ستيم","Gift Cards &amp; Software Keys | بطاقات رقمية ومفاتيح","instock","199","","199","https://neogen.store/wp-content/uploads/steam50.png?wsr","https://neogen.store/product/steam-wallet-50-gift-card-%d8%a8%d8%b7%d8%a7%d9%82%d8%a9-%d8%b3%d8%aa%d9%8a%d9%85/"
"6254","GC-PSN-50","PlayStation Store $50 Gift Card | بطاقة بلايستيشن","Gift Cards &amp; Software Keys | بطاقات رقمية ومفاتيح","instock","199","","199","https://neogen.store/wp-content/uploads/psn50.png?wsr","https://neogen.store/product/playstation-store-50-gift-card-%d8%a8%d8%b7%d8%a7%d9%82%d8%a9-%d8%a8%d9%84%d8%a7%d9%8a%d8%b3%d8%aa%d9%8a%d8%b4%d9%86/"
"6253","GC-SW-OFF24","Microsoft Office 2024 Pro Plus | أوفيس 2024 برو","Gift Cards &amp; Software Keys | بطاقات رقمية ومفاتيح","instock","399","349","349","https://neogen.store/wp-content/uploads/office2024.png?wsr","https://neogen.store/product/microsoft-office-2024-pro-plus-%d8%a3%d9%88%d9%81%d9%8a%d8%b3-2024-%d8%a8%d8%b1%d9%88/"
"6252","GC-SW-WIN11","Windows 11 Pro License Key | مفتاح ويندوز 11 برو","Gift Cards &amp; Software Keys | بطاقات رقمية ومفاتيح","instock","249","199","199","https://neogen.store/wp-content/uploads/windows11.png?wsr","https://neogen.store/product/windows-11-pro-license-key-%d9%85%d9%81%d8%aa%d8%a7%d8%ad-%d9%88%d9%8a%d9%86%d8%af%d9%88%d8%b2-11-%d8%a8%d8%b1%d9%88/"
"3236","GM-RTR-ASU-001","ASUS ROG Rapture GT-BE19000AI (WiFi 7)","Gaming | ألعاب","instock","4799","","4799","https://neogen.store/wp-content/uploads/GM-RTR-ASU-001-1.jpg?wsr","https://neogen.store/product/asus-rog-rapture-gt-be19000ai-wifi-7/"
"3235","GM-PGA-JSA-001","JSAUX 6-in-1 Dock (Steam Deck/ROG Ally)","Gaming | ألعاب","instock","529","459","459","https://neogen.store/wp-content/uploads/GM-PGA-JSA-001-1.jpg?wsr","https://neogen.store/product/jsaux-6-in-1-dock-steam-deck-rog-ally/"
"3234","GM-CMP-NZX-001","NZXT H9 Elite Mid-Tower ATX Case","Hardware | أجهزة PC","instock","1349","","1349","https://neogen.store/wp-content/uploads/GM-CMP-NZX-001-1.jpg?wsr","https://neogen.store/product/nzxt-h9-elite-mid-tower-atx-case/"
"3233","GM-CMP-COR-001","Corsair iCUE H150i RGB Elite (360mm AIO)","Hardware | أجهزة PC","instock","1149","","1149","https://neogen.store/wp-content/uploads/GM-CMP-COR-001-1.jpg?wsr","https://neogen.store/product/corsair-icue-h150i-rgb-elite-360mm-aio/"
"3232","GM-GPU-GIG-001","Gigabyte AORUS RTX 5090 Master 32GB","Hardware | أجهزة PC","instock","27999","","27999","https://neogen.store/wp-content/uploads/GM-GPU-GIG-001-1.jpg?wsr","https://neogen.store/product/gigabyte-aorus-rtx-5090-master-32gb/"
"3231","GM-GPU-NVD-002","NVIDIA RTX 5080 Founders Edition (16GB)","Hardware | أجهزة PC","instock","6499","","6499","https://neogen.store/wp-content/uploads/GM-GPU-NVD-002-1.jpg?wsr","https://neogen.store/product/nvidia-rtx-5080-founders-edition-16gb/"
"3230","GM-GPU-NVD-001","NVIDIA RTX 5090 Founders Edition (32GB)","Hardware | أجهزة PC","instock","26449","22999","22999","https://neogen.store/wp-content/uploads/GM-GPU-NVD-001-1.jpg?wsr","https://neogen.store/product/nvidia-rtx-5090-founders-edition-32gb/"
"3229","GM-STR-HPX-001","HyperX QuadCast S USB Microphone","Gaming | ألعاب","instock","1099","949","949","https://neogen.store/wp-content/uploads/GM-STR-HPX-001-1.jpg?wsr","https://neogen.store/product/hyperx-quadcast-s-usb-microphone/"
"3228","GM-STR-ELG-001","Elgato Stream Deck MK.2","Gaming | ألعاب","instock","1099","949","949","https://neogen.store/wp-content/uploads/GM-STR-ELG-001-1.jpg?wsr","https://neogen.store/product/elgato-stream-deck-mk-2/"
"3227","GM-CAP-AVR-001","AVerMedia Live Gamer Ultra S","Gaming | ألعاب","instock","1049","","1049","https://neogen.store/wp-content/uploads/GM-CAP-AVR-001-1.jpg?wsr","https://neogen.store/product/avermedia-live-gamer-ultra-s/"
"3226","GM-CAP-ELG-001","Elgato HD60 X Capture Card","Gaming | ألعاب","instock","1099","","1099","https://neogen.store/wp-content/uploads/GM-CAP-ELG-001-1.jpg?wsr","https://neogen.store/product/elgato-hd60-x-capture-card/"
"3225","GM-CTR-SON-001","Sony DualSense Edge Controller","Gaming | ألعاب","instock","1559","1349","1349","https://neogen.store/wp-content/uploads/GM-CTR-SON-001-1.jpg?wsr","https://neogen.store/product/sony-dualsense-edge-controller/"
"3224","GM-CTR-MSF-001","Xbox Elite Controller Series 2 Core","Gaming | ألعاب","instock","1149","","1149","https://neogen.store/wp-content/uploads/GM-CTR-MSF-001-1.jpg?wsr","https://neogen.store/product/xbox-elite-controller-series-2-core/"
"3223","GM-RGB-GOV-001","Govee DreamView G1 Pro Gaming Light","Gaming | ألعاب","instock","749","","749","https://neogen.store/wp-content/uploads/GM-RGB-GOV-001-1.jpg?wsr","https://neogen.store/product/govee-dreamview-g1-pro-gaming-light/"
"3222","GM-RGB-COR-001","Corsair iCUE LC100 Lighting Panels","Gaming | ألعاب","instock","549","","549","https://neogen.store/wp-content/uploads/GM-RGB-COR-001-1.jpg?wsr","https://neogen.store/product/corsair-icue-lc100-lighting-panels/"
"3221","GM-CHR-RAZ-001","Razer Iskur V2 NewGen","Gaming | ألعاب","instock","3199","","3199","https://neogen.store/wp-content/uploads/GM-CHR-RAZ-001-1.jpg?wsr","https://neogen.store/product/razer-iskur-v2-newgen/"
"3220","GM-CHR-SEC-001","Secretlab Titan Evo","Gaming | ألعاب","instock","3499","","3499","https://neogen.store/wp-content/uploads/GM-CHR-SEC-001-1.jpg?wsr","https://neogen.store/product/secretlab-titan-evo/"
"3219","GM-HST-RAZ-001","Razer BlackShark V2 Pro 2023","Gaming | ألعاب","instock","1149","999","999","https://neogen.store/wp-content/uploads/GM-HST-RAZ-001-1.jpg?wsr","https://neogen.store/product/razer-blackshark-v2-pro-2023/"
"3218","GM-HST-STS-001","SteelSeries Arctis Nova 7 Wireless","Gaming | ألعاب","instock","1149","","1149","https://neogen.store/wp-content/uploads/GM-HST-STS-001-1.jpg?wsr","https://neogen.store/product/steelseries-arctis-nova-7-wireless/"
"3217","GM-HST-HPX-001","HyperX Cloud Alpha Wireless (300hr)","Gaming | ألعاب","instock","1199","","1199","https://neogen.store/wp-content/uploads/GM-HST-HPX-001-1.jpg?wsr","https://neogen.store/product/hyperx-cloud-alpha-wireless-300hr/"
"3216","GM-MOU-RAZ-002","Razer Viper V3 Pro (54g Wireless)","Gaming | ألعاب","instock","1209","1049","1049","https://neogen.store/wp-content/uploads/GM-MOU-RAZ-002-1.jpg?wsr","https://neogen.store/product/razer-viper-v3-pro-54g-wireless/"
"3215","GM-MOU-LOG-001","Logitech G Pro X Superlight 2 DEX","Gaming | ألعاب","instock","1099","","1099","https://neogen.store/wp-content/uploads/GM-MOU-LOG-001-1.jpg?wsr","https://neogen.store/product/logitech-g-pro-x-superlight-2-dex/"
"3214","GM-MOU-RAZ-001","Razer DeathAdder V4 Pro (57g Wireless)","Gaming | ألعاب","instock","1329","1149","1149","https://neogen.store/wp-content/uploads/GM-MOU-RAZ-001-1.jpg?wsr","https://neogen.store/product/razer-deathadder-v4-pro-57g-wireless/"
"3213","GM-KBD-KEY-001","Keychron K10 HE (Arabic Layout)","Gaming | ألعاب","instock","1149","999","999","https://neogen.store/wp-content/uploads/GM-KBD-KEY-001-1.jpg?wsr","https://neogen.store/product/keychron-k10-he-arabic-layout/"
"3212","GM-KBD-LOG-001","Logitech G Pro X TKL LIGHTSPEED","Gaming | ألعاب","instock","1379","1199","1199","https://neogen.store/wp-content/uploads/GM-KBD-LOG-001-1.jpg?wsr","https://neogen.store/product/logitech-g-pro-x-tkl-lightspeed/"
"3211","GM-KBD-COR-001","Corsair K70 MAX RGB","Gaming | ألعاب","instock","1299","","1299","https://neogen.store/wp-content/uploads/GM-KBD-COR-001-1.jpg?wsr","https://neogen.store/product/corsair-k70-max-rgb/"
"3210","GM-KBD-RAZ-001","Razer Huntsman V3 Pro TKL","Gaming | ألعاب","instock","1559","1349","1349","https://neogen.store/wp-content/uploads/GM-KBD-RAZ-001-1.jpg?wsr","https://neogen.store/product/razer-huntsman-v3-pro-tkl/"
"3209","GM-MON-DEL-001","Dell Alienware AW2725DF (27"" QD-OLED 360Hz)","Gaming | ألعاب","instock","5599","","5599","https://neogen.store/wp-content/uploads/GM-MON-DEL-001-1.jpg?wsr","https://neogen.store/product/dell-alienware-aw2725df-27-qd-oled-360hz/"
"3208","GM-MON-LGE-001","LG UltraGear OLED 27GR95QE-B (27"" QHD 240Hz)","Gaming | ألعاب","instock","5639","4899","4899","https://neogen.store/wp-content/uploads/GM-MON-LGE-001-1.jpg?wsr","https://neogen.store/product/lg-ultragear-oled-27gr95qe-b-27-qhd-240hz/"
"3207","GM-MON-SAM-002","Samsung Odyssey G7 G70D (32"" 4K 144Hz)","Gaming | ألعاب","instock","3499","","3499","https://neogen.store/wp-content/uploads/GM-MON-SAM-002-1.jpg?wsr","https://neogen.store/product/samsung-odyssey-g7-g70d-32-4k-144hz/"
"3206","GM-MON-SAM-001","Samsung Odyssey OLED G8 (34"" UWQHD 175Hz)","Gaming | ألعاب","instock","7799","","7799","https://neogen.store/wp-content/uploads/GM-MON-SAM-001-1.jpg?wsr","https://neogen.store/product/samsung-odyssey-oled-g8-34-uwqhd-175hz/"
"3205","GM-MON-ASU-001","ASUS ROG Swift OLED PG27AQDM (27"" QHD 240Hz)","Gaming | ألعاب","instock","6209","5399","5399","https://neogen.store/wp-content/uploads/GM-MON-ASU-001-1.jpg?wsr","https://neogen.store/product/asus-rog-swift-oled-pg27aqdm-27-qhd-240hz/"
"3204","NT-MPC-DEL-001","Dell OptiPlex 7070 Micro (Refurb)","Homelab | هوم لاب","instock","1549","","1549","https://neogen.store/wp-content/uploads/NT-MPC-DEL-001-1.jpg?wsr","https://neogen.store/product/dell-optiplex-7070-micro-refurb/"
"3203","NT-MPC-BLK-002","Beelink EQ12 (Intel N100)","Homelab | هوم لاب","instock","999","","999","https://neogen.store/wp-content/uploads/NT-MPC-BLK-002-1.jpg?wsr","https://neogen.store/product/beelink-eq12-intel-n100/"
"3202","NT-MPC-BLK-001","Beelink SER7 (Ryzen 7 7735HS)","Homelab | هوم لاب","instock","2399","","2399","https://neogen.store/wp-content/uploads/NT-MPC-BLK-001-1.jpg?wsr","https://neogen.store/product/beelink-ser7-ryzen-7-7735hs/"
"3201","NT-MPC-MNF-001","MinisForum MS-01 (Homelab Server)","Homelab | هوم لاب","instock","4599","3999","3999","https://neogen.store/wp-content/uploads/NT-MPC-MNF-001-1.jpg?wsr","https://neogen.store/product/minisforum-ms-01-homelab-server/"
"3200","NT-POE-TPL-001","TP-Link TL-SG1005P 5-Port PoE","Networking | شبكات واتصالات","instock","299","","299","https://neogen.store/wp-content/uploads/NT-POE-TPL-001-1.jpg?wsr","https://neogen.store/product/tp-link-tl-sg1005p-5-port-poe/"
"3199","NT-POE-UBQ-001","Ubiquiti USW-Lite-8-PoE","Networking | شبكات واتصالات","instock","849","","849","https://neogen.store/wp-content/uploads/NT-POE-UBQ-001-1.jpg?wsr","https://neogen.store/product/ubiquiti-usw-lite-8-poe/"
"3198","NT-KVM-ATN-001","ATEN CS1924M 4-Port DP KVM","Homelab | هوم لاب","instock","2399","","2399","https://neogen.store/wp-content/uploads/NT-KVM-ATN-001-1.jpg?wsr","https://neogen.store/product/aten-cs1924m-4-port-dp-kvm/"
"3197","NT-KVM-TES-001","TESmart HKS0401A1U 4-Port HDMI KVM","Homelab | هوم لاب","instock","689","599","599","https://neogen.store/wp-content/uploads/NT-KVM-TES-001-1.jpg?wsr","https://neogen.store/product/tesmart-hks0401a1u-4-port-hdmi-kvm/"
"3196","NT-FWL-FTN-001","Fortinet FortiGate 60F","Homelab | هوم لاب","instock","6329","5499","5499","https://neogen.store/wp-content/uploads/NT-FWL-FTN-001-1.jpg?wsr","https://neogen.store/product/fortinet-fortigate-60f/"
"3195","NT-FWL-NGT-002","Netgate 2100 MAX pfSense+ Gateway","Homelab | هوم لاب","instock","2499","","2499","https://neogen.store/wp-content/uploads/NT-FWL-NGT-002-1.jpg?wsr","https://neogen.store/product/netgate-2100-max-pfsense-gateway/"
"3194","NT-FWL-NGT-001","Netgate 4200 MAX pfSense+ Gateway","Homelab | هوم لاب","instock","3399","","3399","https://neogen.store/wp-content/uploads/NT-FWL-NGT-001-1.jpg?wsr","https://neogen.store/product/netgate-4200-max-pfsense-gateway/"
"3193","NT-CBL-GEN-001","Cat6a Shielded Bulk Cable (305m)","Networking | شبكات واتصالات","instock","849","","849","https://neogen.store/wp-content/uploads/NT-CBL-GEN-001-1.jpg?wsr","https://neogen.store/product/cat6a-shielded-bulk-cable-305m/"
"3192","NT-CBL-FSC-001","10G SFP+ DAC Twinax Cable (1m)","Networking | شبكات واتصالات","instock","139","","139","https://neogen.store/wp-content/uploads/NT-CBL-FSC-001-1.jpg?wsr","https://neogen.store/product/10g-sfp-dac-twinax-cable-1m/"
"3191","NT-SFP-FSC-001","FS.com 10GBASE-SR SFP+ Transceiver","Networking | شبكات واتصالات","instock","129","","129","https://neogen.store/wp-content/uploads/NT-SFP-FSC-001-1.jpg?wsr","https://neogen.store/product/fs-com-10gbase-sr-sfp-transceiver/"
"3190","NT-SRV-NVP-001","NavePoint 1U Cantilever Rack Shelf","Homelab | هوم لاب","instock","249","","249","https://neogen.store/wp-content/uploads/NT-SRV-NVP-001-1.jpg?wsr","https://neogen.store/product/navepoint-1u-cantilever-rack-shelf/"
"3189","NT-SRV-CBM-001","Cable Matters 24-Port Cat6 Patch Panel (1U)","Homelab | هوم لاب","instock","239","","239","https://neogen.store/wp-content/uploads/NT-SRV-CBM-001-1.jpg?wsr","https://neogen.store/product/cable-matters-24-port-cat6-patch-panel-1u/"
"3188","NT-SRV-STC-001","StarTech RK12WALLOA 12U Wall-Mount Rack","Homelab | هوم لاب","instock","1399","","1399","https://neogen.store/wp-content/uploads/NT-SRV-STC-001-1.jpg?wsr","https://neogen.store/product/startech-rk12walloa-12u-wall-mount-rack/"
"3187","NT-UPS-APC-002","APC Back-UPS Pro BX1500M (Tower)","Homelab | هوم لاب","instock","1839","1599","1599","https://neogen.store/wp-content/uploads/NT-UPS-APC-002-1.jpg?wsr","https://neogen.store/product/apc-back-ups-pro-bx1500m-tower/"
"3186","NT-UPS-CYB-001","CyberPower OR1500LCDRM1U (1500VA 1U)","Homelab | هوم لاب","instock","2419","2099","2099","https://neogen.store/wp-content/uploads/NT-UPS-CYB-001-1.jpg?wsr","https://neogen.store/product/cyberpower-or1500lcdrm1u-1500va-1u/"
"3185","NT-UPS-APC-001","APC Smart-UPS SMT1500RM2UC (1500VA Rack)","Homelab | هوم لاب","instock","4899","","4899","https://neogen.store/wp-content/uploads/NT-UPS-APC-001-1.jpg?wsr","https://neogen.store/product/apc-smart-ups-smt1500rm2uc-1500va-rack/"
"3184","NT-NAS-QNP-002","QNAP TS-262-4G (2-Bay)","Homelab | هوم لاب","instock","1899","","1899","https://neogen.store/wp-content/uploads/NT-NAS-QNP-002-1.jpg?wsr","https://neogen.store/product/qnap-ts-262-4g-2-bay/"
"3183","NT-NAS-QNP-001","QNAP TS-464-8G (4-Bay)","Homelab | هوم لاب","instock","2799","","2799","https://neogen.store/wp-content/uploads/NT-NAS-QNP-001-1.jpg?wsr","https://neogen.store/product/qnap-ts-464-8g-4-bay/"
"3182","NT-NAS-SYN-002","Synology DS925+ (4-Bay)","Homelab | هوم لاب","instock","3499","","3499","https://neogen.store/wp-content/uploads/NT-NAS-SYN-002-1.jpg?wsr","https://neogen.store/product/synology-ds925-4-bay/"
"3181","NT-NAS-SYN-001","Synology DS225+ (2-Bay)","Homelab | هوم لاب","instock","2419","2099","2099","https://neogen.store/wp-content/uploads/NT-NAS-SYN-001-1.jpg?wsr","https://neogen.store/product/synology-ds225-2-bay/"
"3180","NT-WAP-TPL-002","TP-Link Omada EAP650","Networking | شبكات واتصالات","instock","919","799","799","https://neogen.store/wp-content/uploads/NT-WAP-TPL-002-1.jpg?wsr","https://neogen.store/product/tp-link-omada-eap650/"
"3179","NT-WAP-TPL-001","TP-Link Omada EAP610","Networking | شبكات واتصالات","instock","689","599","599","https://neogen.store/wp-content/uploads/NT-WAP-TPL-001-1.jpg?wsr","https://neogen.store/product/tp-link-omada-eap610/"
"3178","NT-WAP-UBQ-002","Ubiquiti UniFi U7 Pro","Networking | شبكات واتصالات","instock","1609","1399","1399","https://neogen.store/wp-content/uploads/NT-WAP-UBQ-002-1.jpg?wsr","https://neogen.store/product/ubiquiti-unifi-u7-pro/"
"3177","NT-WAP-UBQ-001","Ubiquiti UniFi U6 Pro","Networking | شبكات واتصالات","instock","1149","999","999","https://neogen.store/wp-content/uploads/NT-WAP-UBQ-001-1.jpg?wsr","https://neogen.store/product/ubiquiti-unifi-u6-pro/"
"3176","NT-NET-UBQ-001","Ubiquiti USW-Pro-24-PoE","Networking | شبكات واتصالات","instock","3999","","3999","https://neogen.store/wp-content/uploads/NT-NET-UBQ-001-1.jpg?wsr","https://neogen.store/product/ubiquiti-usw-pro-24-poe/"
"3175","NT-NET-MKT-004","MikroTik CRS312-4C+8XG-RM","Networking | شبكات واتصالات","instock","2799","","2799","https://neogen.store/wp-content/uploads/NT-NET-MKT-004-1.jpg?wsr","https://neogen.store/product/mikrotik-crs312-4c8xg-rm/"
"3174","NT-NET-MKT-003","MikroTik CRS328-24P-4S+RM (PoE)","Networking | شبكات واتصالات","instock","3109","2699","2699","https://neogen.store/wp-content/uploads/NT-NET-MKT-003-1.jpg?wsr","https://neogen.store/product/mikrotik-crs328-24p-4srm-poe/"
"3173","NT-NET-MKT-002","MikroTik CRS326-24G-2S+RM","Networking | شبكات واتصالات","instock","1199","","1199","https://neogen.store/wp-content/uploads/NT-NET-MKT-002-1.jpg?wsr","https://neogen.store/product/mikrotik-crs326-24g-2srm/"
"3172","NT-NET-MKT-001","MikroTik CRS305-1G-4S+IN","Networking | شبكات واتصالات","instock","999","","999","https://neogen.store/wp-content/uploads/NT-NET-MKT-001-1.jpg?wsr","https://neogen.store/product/mikrotik-crs305-1g-4sin/"
"3171","SH-SWB-SWBT-003","SwitchBot Blind Tilt","Smart Home &amp; IoT | أتمتة المنزل الذكي","instock","479","","479","https://neogen.store/wp-content/uploads/SH-SWB-SWBT-003-1.jpg?wsr","https://neogen.store/product/switchbot-blind-tilt/"
"3170","SH-SWB-SWBT-002","SwitchBot Bot (Smart Button Pusher)","Smart Home &amp; IoT | أتمتة المنزل الذكي","instock","239","","239","https://neogen.store/wp-content/uploads/SH-SWB-SWBT-002-1.jpg?wsr","https://neogen.store/product/switchbot-bot-smart-button-pusher/"
"3169","SH-SWB-SWBT-001","SwitchBot Hub 2 (Matter Enabled)","Smart Home &amp; IoT | أتمتة المنزل الذكي","instock","559","479","479","https://neogen.store/wp-content/uploads/SH-SWB-SWBT-001-1.jpg?wsr","https://neogen.store/product/switchbot-hub-2-matter-enabled/"
"3168","SH-HUB-HUBI-001","Hubitat Elevation C-8 Pro","Smart Home &amp; IoT | أتمتة المنزل الذكي","instock","1199","","1199","https://neogen.store/wp-content/uploads/SH-HUB-HUBI-001-1.jpg?wsr","https://neogen.store/product/hubitat-elevation-c-8-pro/"
"3167","SH-HUB-HASS-001","Home Assistant Green","Smart Home &amp; IoT | أتمتة المنزل الذكي","instock","699","","699","https://neogen.store/wp-content/uploads/SH-HUB-HASS-001-1.jpg?wsr","https://neogen.store/product/home-assistant-green/"
"3166","SH-HUB-AQRA-001","Aqara Hub M3","Smart Home &amp; IoT | أتمتة المنزل الذكي","instock","1039","899","899","https://neogen.store/wp-content/uploads/SH-HUB-AQRA-001-1.jpg?wsr","https://neogen.store/product/aqara-hub-m3/"
"3165","SH-BLD-IKEA-001","IKEA FYRTUR Blackout Smart Roller Blind","Smart Home &amp; IoT | أتمتة المنزل الذكي","instock","1099","949","949","https://neogen.store/wp-content/uploads/SH-BLD-IKEA-001-1.jpg?wsr","https://neogen.store/product/ikea-fyrtur-blackout-smart-roller-blind/"
"3164","SH-BLD-SWBT-001","SwitchBot Curtain 3","Smart Home &amp; IoT | أتمتة المنزل الذكي","instock","649","","649","https://neogen.store/wp-content/uploads/SH-BLD-SWBT-001-1.jpg?wsr","https://neogen.store/product/switchbot-curtain-3/"
"3163","SH-VDB-EUFY-001","Eufy Video Doorbell E340 (Dual Camera)","Smart Home &amp; IoT | أتمتة المنزل الذكي","instock","999","","999","https://neogen.store/wp-content/uploads/SH-VDB-EUFY-001-1.jpg?wsr","https://neogen.store/product/eufy-video-doorbell-e340-dual-camera/"
"3162","SH-VDB-RING-001","Ring Battery Doorbell Plus","Smart Home &amp; IoT | أتمتة المنزل الذكي","instock","999","","999","https://neogen.store/wp-content/uploads/SH-VDB-RING-001-1.jpg?wsr","https://neogen.store/product/ring-battery-doorbell-plus/"
"3161","SH-CAM-RELK-001","Reolink Argus 4 Pro (4K)","Smart Home &amp; IoT | أتمتة المنزل الذكي","instock","1039","899","899","https://neogen.store/wp-content/uploads/SH-CAM-RELK-001-1.jpg?wsr","https://neogen.store/product/reolink-argus-4-pro-4k/"
"3160","SH-CAM-EUFY-001","Eufy eufyCam 3 (4K + HomeBase 3 Kit)","Smart Home &amp; IoT | أتمتة المنزل الذكي","instock","1649","","1649","https://neogen.store/wp-content/uploads/SH-CAM-EUFY-001-1.jpg?wsr","https://neogen.store/product/eufy-eufycam-3-4k-homebase-3-kit/"
"3159","SH-CAM-ARLO-001","Arlo Pro 5 2K Spotlight Camera","Smart Home &amp; IoT | أتمتة المنزل الذكي","instock","1549","","1549","https://neogen.store/wp-content/uploads/SH-CAM-ARLO-001-1.jpg?wsr","https://neogen.store/product/arlo-pro-5-2k-spotlight-camera/"
"3158","SH-CAM-RING-001","Ring Indoor Cam (2nd Gen)","Smart Home &amp; IoT | أتمتة المنزل الذكي","instock","479","","479","https://neogen.store/wp-content/uploads/SH-CAM-RING-001-1.jpg?wsr","https://neogen.store/product/ring-indoor-cam-2nd-gen/"
"3157","SH-PLG-MERS-001","Meross Smart Plug Mini MSS110 (HomeKit)","Smart Home &amp; IoT | أتمتة المنزل الذكي","instock","159","","159","https://neogen.store/wp-content/uploads/SH-PLG-MERS-001-1.jpg?wsr","https://neogen.store/product/meross-smart-plug-mini-mss110-homekit/"
"3156","SH-PLG-TPLK-001","TP-Link Tapo P125M Smart Plug (Matter, 2-pack)","Smart Home &amp; IoT | أتمتة المنزل الذكي","instock","149","","149","https://neogen.store/wp-content/uploads/SH-PLG-TPLK-001-1.jpg?wsr","https://neogen.store/product/tp-link-tapo-p125m-smart-plug-matter-2-pack/"
"3155","SH-THR-ECOB-001","Ecobee Smart Thermostat Premium","Smart Home &amp; IoT | أتمتة المنزل الذكي","instock","1549","","1549","https://neogen.store/wp-content/uploads/SH-THR-ECOB-001-1.jpg?wsr","https://neogen.store/product/ecobee-smart-thermostat-premium/"
"3154","SH-THR-NEST-001","Google Nest Learning Thermostat (4th Gen)","Smart Home &amp; IoT | أتمتة المنزل الذكي","instock","1699","","1699","https://neogen.store/wp-content/uploads/SH-THR-NEST-001-1.jpg?wsr","https://neogen.store/product/google-nest-learning-thermostat-4th-gen/"
"3153","SH-RVC-ECVX-001","Ecovacs Deebot X9 Pro Omni","Smart Home &amp; IoT | أتمتة المنزل الذكي","instock","5699","","5699","https://neogen.store/wp-content/uploads/SH-RVC-ECVX-001-1.jpg?wsr","https://neogen.store/product/ecovacs-deebot-x9-pro-omni/"
"3152","SH-RVC-DREM-001","Dreame L50 Ultra","Smart Home &amp; IoT | أتمتة المنزل الذكي","instock","4599","","4599","https://neogen.store/wp-content/uploads/SH-RVC-DREM-001-1.jpg?wsr","https://neogen.store/product/dreame-l50-ultra/"
"3151","SH-RVC-RBRC-001","Roborock Qrevo CurvX","Smart Home &amp; IoT | أتمتة المنزل الذكي","instock","4599","","4599","https://neogen.store/wp-content/uploads/SH-RVC-RBRC-001-1.jpg?wsr","https://neogen.store/product/roborock-qrevo-curvx/"
"3150","SH-LGT-GOVE-002","Govee Glide Hexagon Light Panels Ultra (10-pack)","Smart Home &amp; IoT | أتمتة المنزل الذكي","instock","1499","1299","1299","https://neogen.store/wp-content/uploads/SH-LGT-GOVE-002-1.jpg?wsr","https://neogen.store/product/govee-glide-hexagon-light-panels-ultra-10-pack/"
"3149","SH-LGT-GOVE-001","Govee RGBIC LED Strip M1 (5m)","Smart Home &amp; IoT | أتمتة المنزل الذكي","instock","459","399","399","https://neogen.store/wp-content/uploads/SH-LGT-GOVE-001-1.jpg?wsr","https://neogen.store/product/govee-rgbic-led-strip-m1-5m/"
"3148","SH-LGT-LIFX-001","LIFX Color A19 1100lm Bulb","Smart Home &amp; IoT | أتمتة المنزل الذكي","instock","329","279","279","https://neogen.store/wp-content/uploads/SH-LGT-LIFX-001-1.jpg?wsr","https://neogen.store/product/lifx-color-a19-1100lm-bulb/"
"3147","SH-LGT-PHUE-002","Philips Hue Gradient Lightstrip (2m)","Smart Home &amp; IoT | أتمتة المنزل الذكي","instock","1149","","1149","https://neogen.store/wp-content/uploads/SH-LGT-PHUE-002-1.jpg?wsr","https://neogen.store/product/philips-hue-gradient-lightstrip-2m/"
"3146","SH-LGT-PHUE-001","Philips Hue Starter Kit (3x A19 + Bridge)","Smart Home &amp; IoT | أتمتة المنزل الذكي","instock","899","","899","https://neogen.store/wp-content/uploads/SH-LGT-PHUE-001-1.jpg?wsr","https://neogen.store/product/philips-hue-starter-kit-3x-a19-bridge/"
"3145","SH-LCK-AUGS-001","August Wi-Fi Smart Lock (4th Gen)","Smart Home &amp; IoT | أتمتة المنزل الذكي","instock","1499","1299","1299","https://neogen.store/wp-content/uploads/SH-LCK-AUGS-001-1.jpg?wsr","https://neogen.store/product/august-wi-fi-smart-lock-4th-gen/"
"3144","SH-LCK-AQRA-001","Aqara Smart Lock U200","Smart Home &amp; IoT | أتمتة المنزل الذكي","instock","1439","1249","1249","https://neogen.store/wp-content/uploads/SH-LCK-AQRA-001-1.jpg?wsr","https://neogen.store/product/aqara-smart-lock-u200/"
"3143","SH-LCK-YALE-001","Yale Assure Lock 2 Wi-Fi","Smart Home &amp; IoT | أتمتة المنزل الذكي","instock","1549","","1549","https://neogen.store/wp-content/uploads/SH-LCK-YALE-001-1.jpg?wsr","https://neogen.store/product/yale-assure-lock-2-wi-fi/"
"3142","SH-DSP-GGLE-001","Google Nest Hub (2nd Gen)","Smart Home &amp; IoT | أتمتة المنزل الذكي","instock","699","","699","https://neogen.store/wp-content/uploads/SH-DSP-GGLE-001-1.jpg?wsr","https://neogen.store/product/google-nest-hub-2nd-gen/"
"3141","SH-DSP-AMZN-001","Amazon Echo Show 8 (3rd Gen)","Smart Home &amp; IoT | أتمتة المنزل الذكي","instock","999","","999","https://neogen.store/wp-content/uploads/SH-DSP-AMZN-001-1.jpg?wsr","https://neogen.store/product/amazon-echo-show-8-3rd-gen/"
"3140","SH-SPK-AMZN-002","Amazon Echo Dot (5th Gen)","Smart Home &amp; IoT | أتمتة المنزل الذكي","instock","459","399","399","https://neogen.store/wp-content/uploads/SH-SPK-AMZN-002-1.jpg?wsr","https://neogen.store/product/amazon-echo-dot-5th-gen/"
"3139","SH-SPK-GGLE-001","Google Nest Audio","Smart Home &amp; IoT | أتمتة المنزل الذكي","instock","809","699","699","https://neogen.store/wp-content/uploads/SH-SPK-GGLE-001-1.jpg?wsr","https://neogen.store/product/google-nest-audio/"
"3138","SH-SPK-APPL-001","Apple HomePod Mini","Smart Home &amp; IoT | أتمتة المنزل الذكي","instock","699","","699","https://neogen.store/wp-content/uploads/SH-SPK-APPL-001-1.jpg?wsr","https://neogen.store/product/apple-homepod-mini/"
"3137","SH-SPK-AMZN-001","Amazon Echo (4th Gen)","Smart Home &amp; IoT | أتمتة المنزل الذكي","instock","699","","699","https://neogen.store/wp-content/uploads/SH-SPK-AMZN-001-1.jpg?wsr","https://neogen.store/product/amazon-echo-4th-gen/"
"3136","NG-SEC-007","Eufy Video Doorbell S330 - Dual Camera Smart Doorbell (2K + Package Cam)","Security &amp; Surveillance | أمن ومراقبة","instock","1449","","1449","https://neogen.store/wp-content/uploads/NG-SEC-007.jpg?wsr","https://neogen.store/product/eufy-video-doorbell-s330-dual-camera-smart-doorbell-2k-package-cam/"
"3135","NG-SEC-006","Ajax Hub 2 Plus - Professional Wireless Smart Alarm System","Security &amp; Surveillance | أمن ومراقبة","instock","2499","","2499","https://neogen.store/wp-content/uploads/NG-SEC-006.jpg?wsr","https://neogen.store/product/ajax-hub-2-plus-professional-wireless-smart-alarm-system/"
"3134","NG-SEC-005","Reolink 16-Channel PoE NVR (RLN16-410) - 4K Network Video Recorder","Security &amp; Surveillance | أمن ومراقبة","instock","1599","","1599","https://neogen.store/wp-content/uploads/NG-SEC-005.jpg?wsr","https://neogen.store/product/reolink-16-channel-poe-nvr-rln16-410-4k-network-video-recorder/"
"3133","NG-SEC-004","Ubiquiti UniFi Protect G4 Doorbell Pro - 5MP Smart Doorbell with Fingerprint Reader","Security &amp; Surveillance | أمن ومراقبة","instock","2299","","2299","https://neogen.store/wp-content/uploads/NG-SEC-004.jpg?wsr","https://neogen.store/product/ubiquiti-unifi-protect-g4-doorbell-pro-5mp-smart-doorbell-with-fingerprint-reader/"
"3132","NG-SEC-003","Hikvision DS-2CD2143G2-I - 4MP AcuSense Dome Camera","Security &amp; Surveillance | أمن ومراقبة","instock","749","","749","https://neogen.store/wp-content/uploads/NG-SEC-003.jpg?wsr","https://neogen.store/product/hikvision-ds-2cd2143g2-i-4mp-acusense-dome-camera/"
"3131","NG-SEC-002","Reolink Argus 4 Pro - Solar-Powered Wireless 4K Security Camera","Security &amp; Surveillance | أمن ومراقبة","instock","1199","","1199","https://neogen.store/wp-content/uploads/NG-SEC-002.jpg?wsr","https://neogen.store/product/reolink-argus-4-pro-solar-powered-wireless-4k-security-camera/"
"3130","NG-SEC-001","Reolink RLC-810A - 4K PoE AI Security Camera","Security &amp; Surveillance | أمن ومراقبة","instock","549","","549","https://neogen.store/wp-content/uploads/NG-SEC-001.jpg?wsr","https://neogen.store/product/reolink-rlc-810a-4k-poe-ai-security-camera/"
"3129","NG-DRN-008","DJI Pocket 3 - Pocket-Sized Gimbal Camera with 1-Inch Sensor","Drones &amp; Robotics | درونز وروبوتات","instock","3449","2999","2999","https://neogen.store/wp-content/uploads/NG-DRN-008.jpg?wsr","https://neogen.store/product/dji-pocket-3-pocket-sized-gimbal-camera-with-1-inch-sensor/"
"3128","NG-DRN-007","Roborock S8 MaxV Ultra - Smart Robot Vacuum with 10,000Pa Suction","Drones &amp; Robotics | درونز وروبوتات","instock","8859","7699","7699","https://neogen.store/wp-content/uploads/NG-DRN-007.jpg?wsr","https://neogen.store/product/roborock-s8-maxv-ultra-smart-robot-vacuum-with-10000pa-suction/"
"3127","NG-DRN-006","FIMI X8 Mini V2 - 4K Drone at 245g with Competitive Pricing","Drones &amp; Robotics | درونز وروبوتات","instock","2399","","2399","https://neogen.store/wp-content/uploads/NG-DRN-006.jpg?wsr","https://neogen.store/product/fimi-x8-mini-v2-4k-drone-at-245g-with-competitive-pricing/"
"3126","NG-DRN-005","Insta360 X4 - 8K 360-Degree Camera","Drones &amp; Robotics | درونز وروبوتات","instock","3499","","3499","https://neogen.store/wp-content/uploads/NG-DRN-005.jpg?wsr","https://neogen.store/product/insta360-x4-8k-360-degree-camera/"
"3125","NG-DRN-004","DJI RS 4 - 3-Axis Gimbal Stabilizer for Professional Cameras","Drones &amp; Robotics | درونز وروبوتات","instock","3099","","3099","https://neogen.store/wp-content/uploads/NG-DRN-004.jpg?wsr","https://neogen.store/product/dji-rs-4-3-axis-gimbal-stabilizer-for-professional-cameras/"
"3124","NG-DRN-003","DJI Osmo Action 5 Pro - 4K/120fps Waterproof Action Camera","Drones &amp; Robotics | درونز وروبوتات","instock","2499","","2499","https://neogen.store/wp-content/uploads/NG-DRN-003.jpg?wsr","https://neogen.store/product/dji-osmo-action-5-pro-4k-120fps-waterproof-action-camera/"
"3123","NG-DRN-002","DJI Avata 2 - Immersive FPV Drone with Goggles","Drones &amp; Robotics | درونز وروبوتات","instock","4099","","4099","https://neogen.store/wp-content/uploads/NG-DRN-002.jpg?wsr","https://neogen.store/product/dji-avata-2-immersive-fpv-drone-with-goggles/"
"3122","NG-DRN-001","DJI Mini 4 Pro - Sub-249g Drone with 4K/60fps Camera","Drones &amp; Robotics | درونز وروبوتات","instock","7019","6099","6099","https://neogen.store/wp-content/uploads/NG-DRN-001.jpg?wsr","https://neogen.store/product/dji-mini-4-pro-sub-249g-drone-with-4k-60fps-camera/"
"3121","NG-CBL-008","HDMI 2.1 8K Fiber Optic Cable (10m) - Zero Signal Loss","Cables &amp; Adapters | كابلات ومحولات","instock","359","","359","https://neogen.store/wp-content/uploads/NG-CBL-008.jpg?wsr","https://neogen.store/product/hdmi-2-1-8k-fiber-optic-cable-10m-zero-signal-loss/"
"3120","NG-CBL-007","DAC SFP+ 10G Direct Attach Cable (3m) - Direct Switch-to-Switch Connection","Cables &amp; Adapters | كابلات ومحولات","instock","229","","229","https://neogen.store/wp-content/uploads/NG-CBL-007.jpg?wsr","https://neogen.store/product/dac-sfp-10g-direct-attach-cable-3m-direct-switch-to-switch-connection/"
"3119","NG-CBL-006","Ugreen 5-in-1 USB-C Dock - HDMI 4K + Ethernet + USB 3.0","Cables &amp; Adapters | كابلات ومحولات","instock","289","249","249","https://neogen.store/wp-content/uploads/NG-CBL-006.jpg?wsr","https://neogen.store/product/ugreen-5-in-1-usb-c-dock-hdmi-4k-ethernet-usb-3-0/"
"3118","NG-CBL-005","Baseus USB-C 100W Charging Cable (2m) - Fast Charge for Laptops and Phones","Cables &amp; Adapters | كابلات ومحولات","instock","109","","109","https://neogen.store/wp-content/uploads/NG-CBL-005.jpg?wsr","https://neogen.store/product/baseus-usb-c-100w-charging-cable-2m-fast-charge-for-laptops-and-phones/"
"3117","NG-CBL-004","Ugreen Cat 8 Ethernet Cable (5m) - 40Gbps Network Cable","Cables &amp; Adapters | كابلات ومحولات","instock","149","","149","https://neogen.store/wp-content/uploads/NG-CBL-004.jpg?wsr","https://neogen.store/product/ugreen-cat-8-ethernet-cable-5m-40gbps-network-cable/"
"3116","NG-CBL-003","Cable Matters Thunderbolt 4 Cable (2m) - 40Gbps with 100W Charging","Cables &amp; Adapters | كابلات ومحولات","instock","419","","419","https://neogen.store/wp-content/uploads/NG-CBL-003.jpg?wsr","https://neogen.store/product/cable-matters-thunderbolt-4-cable-2m-40gbps-with-100w-charging/"
"3115","NG-CBL-002","Anker USB-C Hub 7-in-1 - Multi-Port Adapter for Laptops","Cables &amp; Adapters | كابلات ومحولات","instock","349","","349","https://neogen.store/wp-content/uploads/NG-CBL-002.jpg?wsr","https://neogen.store/product/anker-usb-c-hub-7-in-1-multi-port-adapter-for-laptops/"
"3114","NG-CBL-001","Ugreen USB-C to HDMI 2.1 Cable (2m) - 8K@60Hz Output","Cables &amp; Adapters | كابلات ومحولات","instock","219","","219","https://neogen.store/wp-content/uploads/NG-CBL-001.jpg?wsr","https://neogen.store/product/ugreen-usb-c-to-hdmi-2-1-cable-2m-8k60hz-output/"
"3113","NG-3DP-008","Phrozen Sonic Mini 8K S - 22-Micron Pixel Resin 3D Printer","3D Printing &amp; CNC | طباعة ثلاثية الأبعاد","instock","2899","","2899","https://neogen.store/wp-content/uploads/NG-3DP-008.jpg?wsr","https://neogen.store/product/phrozen-sonic-mini-8k-s-22-micron-pixel-resin-3d-printer/"
"3112","NG-3DP-007","Creality Sonic Pad - Klipper Tablet to Supercharge Your 3D Printer","3D Printing &amp; CNC | طباعة ثلاثية الأبعاد","instock","1049","","1049","https://neogen.store/wp-content/uploads/NG-3DP-007.jpg?wsr","https://neogen.store/product/creality-sonic-pad-klipper-tablet-to-supercharge-your-3d-printer/"
"3111","NG-3DP-006","BIQU H2 V2S Direct Drive Extruder - Lightweight Upgrade for Your 3D Printer","3D Printing &amp; CNC | طباعة ثلاثية الأبعاد","instock","599","","599","https://neogen.store/wp-content/uploads/NG-3DP-006.jpg?wsr","https://neogen.store/product/biqu-h2-v2s-direct-drive-extruder-lightweight-upgrade-for-your-3d-printer/"
"3110","NG-3DP-005","Elegoo Saturn 3 Ultra - 12K Resin 3D Printer with 10-inch Screen","3D Printing &amp; CNC | طباعة ثلاثية الأبعاد","instock","3499","","3499","https://neogen.store/wp-content/uploads/NG-3DP-005.jpg?wsr","https://neogen.store/product/elegoo-saturn-3-ultra-12k-resin-3d-printer-with-10-inch-screen/"
"3109","NG-3DP-004","eSUN PLA+ Filament 10-Color Pack - 10kg Total for 3D Printing","3D Printing &amp; CNC | طباعة ثلاثية الأبعاد","instock","1299","","1299","https://neogen.store/wp-content/uploads/NG-3DP-004.jpg?wsr","https://neogen.store/product/esun-pla-filament-10-color-pack-10kg-total-for-3d-printing/"
"3108","NG-3DP-003","Creality K1 Max - Large Format 3D Printer at 600mm/s","3D Printing &amp; CNC | طباعة ثلاثية الأبعاد","instock","4199","","4199","https://neogen.store/wp-content/uploads/NG-3DP-003.jpg?wsr","https://neogen.store/product/creality-k1-max-large-format-3d-printer-at-600mm-s/"
"3107","NG-3DP-002","Bambu Lab AMS - Automatic Material System for Multi-Color 3D Printing","3D Printing &amp; CNC | طباعة ثلاثية الأبعاد","instock","2249","1949","1949","https://neogen.store/wp-content/uploads/NG-3DP-002.jpg?wsr","https://neogen.store/product/bambu-lab-ams-automatic-material-system-for-multi-color-3d-printing/"
"3106","NG-3DP-001","Bambu Lab P1S 3D Printer - Blazing Speed and Pro Quality in an Enclosed Design","3D Printing &amp; CNC | طباعة ثلاثية الأبعاد","instock","5099","","5099","https://neogen.store/wp-content/uploads/NG-3DP-001.jpg?wsr","https://neogen.store/product/bambu-lab-p1s-3d-printer-blazing-speed-and-pro-quality-in-an-enclosed-design/"
"3105","NG-ACC-010","WD Red Plus 8TB NAS Hard Drive - Built for Always-On NAS Systems","Hardware | أجهزة PC","instock","1449","","1449","https://neogen.store/wp-content/uploads/NG-ACC-010.jpg?wsr","https://neogen.store/product/wd-red-plus-8tb-nas-hard-drive-built-for-always-on-nas-systems/"
"3104","NG-ACC-009","Ugreen Nexode 100W GaN Charger - 4-Port Gallium Nitride Fast Charger","Accessories &amp; Lifestyle | إكسسوارات","instock","439","","439","https://neogen.store/wp-content/uploads/NG-ACC-009.jpg?wsr","https://neogen.store/product/ugreen-nexode-100w-gan-charger-4-port-gallium-nitride-fast-charger/"
"3103","NG-ACC-008","CalDigit TS4 Thunderbolt 4 Dock - 18-Port Professional Docking Station","Accessories &amp; Lifestyle | إكسسوارات","instock","2899","","2899","https://neogen.store/wp-content/uploads/NG-ACC-008.jpg?wsr","https://neogen.store/product/caldigit-ts4-thunderbolt-4-dock-18-port-professional-docking-station/"
"3102","NG-ACC-007","Anker PowerConf S330 USB Speakerphone - Smart Noise-Canceling Conference Speaker","Accessories &amp; Lifestyle | إكسسوارات","instock","599","","599","https://neogen.store/wp-content/uploads/NG-ACC-007.jpg?wsr","https://neogen.store/product/anker-powerconf-s330-usb-speakerphone-smart-noise-canceling-conference-speaker/"
"3101","NG-ACC-006","Samsung T7 Shield 2TB Portable SSD - Rugged, Fast, and Secure","Hardware | أجهزة PC","instock","1299","","1299","https://neogen.store/wp-content/uploads/NG-ACC-006.jpg?wsr","https://neogen.store/product/samsung-t7-shield-2tb-portable-ssd-rugged-fast-and-secure/"
"3100","NG-MKR-010","Elegoo Mars 4 Ultra Resin 3D Printer - 9K Resolution for Stunning Detail","Enthusiasts &amp; Gamers | هواة التقنية","instock","2399","","2399","https://neogen.store/wp-content/uploads/NG-MKR-010.jpg?wsr","https://neogen.store/product/elegoo-mars-4-ultra-resin-3d-printer-9k-resolution-for-stunning-detail/"
"3099","NG-MKR-009","ESP32-S3 DevKit 10-Pack - Wi-Fi + Bluetooth 5 Microcontroller for Smart Projects","Hardware | أجهزة PC","instock","809","699","699","https://neogen.store/wp-content/uploads/NG-MKR-009.jpg?wsr","https://neogen.store/product/esp32-s3-devkit-10-pack-wi-fi-bluetooth-5-microcontroller-for-smart-projects/"
"3098","NG-MKR-008","Creality Ender-3 V3 SE - The Best Entry-Level 3D Printer","Enthusiasts &amp; Gamers | هواة التقنية","instock","1199","","1199","https://neogen.store/wp-content/uploads/NG-MKR-008.jpg?wsr","https://neogen.store/product/creality-ender-3-v3-se-the-best-entry-level-3d-printer/"
"3097","NG-MKR-007","Prusa Mini+ 3D Printer - Professional Precision in a Compact Package","Enthusiasts &amp; Gamers | هواة التقنية","instock","3799","3299","3299","https://neogen.store/wp-content/uploads/NG-MKR-007.jpg?wsr","https://neogen.store/product/prusa-mini-3d-printer-professional-precision-in-a-compact-package/"
"3096","NG-MKR-006","Arduino Mega 2560 Rev3 - The Ultimate Microcontroller Board for Advanced Projects","Hardware | أجهزة PC","instock","549","","549","https://neogen.store/wp-content/uploads/NG-MKR-006.jpg?wsr","https://neogen.store/product/arduino-mega-2560-rev3-the-ultimate-microcontroller-board-for-advanced-projects/"
"3095","NG-GAM-012","Elgato Wave:3 - Premium USB Condenser Microphone for Streaming","Gaming | ألعاب","instock","1329","1149","1149","https://neogen.store/wp-content/uploads/NG-GAM-012.jpg?wsr","https://neogen.store/product/elgato-wave3-premium-usb-condenser-microphone-for-streaming/"
"3094","NG-GAM-011","SteelSeries QcK Heavy XXL - Extra-Large Gaming Mouse Pad","Gaming | ألعاب","instock","289","","289","https://neogen.store/wp-content/uploads/NG-GAM-011.jpg?wsr","https://neogen.store/product/steelseries-qck-heavy-xxl-extra-large-gaming-mouse-pad/"
"3093","NG-GAM-010","BenQ Zowie XL2546K - 240Hz Esports Gaming Monitor","Gaming | ألعاب","instock","3449","2999","2999","https://neogen.store/wp-content/uploads/NG-GAM-010.jpg?wsr","https://neogen.store/product/benq-zowie-xl2546k-240hz-esports-gaming-monitor/"
"3092","NG-GAM-009","Corsair K70 RGB Pro - Legendary Mechanical Gaming Keyboard","Gaming | ألعاب","instock","999","","999","https://neogen.store/wp-content/uploads/NG-GAM-009.jpg?wsr","https://neogen.store/product/corsair-k70-rgb-pro-legendary-mechanical-gaming-keyboard/"
"3091","NG-GAM-008","Razer Basilisk V3 X HyperSpeed - Versatile Wireless Gaming Mouse","Gaming | ألعاب","instock","649","","649","https://neogen.store/wp-content/uploads/NG-GAM-008.jpg?wsr","https://neogen.store/product/razer-basilisk-v3-x-hyperspeed-versatile-wireless-gaming-mouse/"
"3090","NG-GAM-007","8BitDo Arcade Stick - Authentic Arcade Experience at Home","Gaming | ألعاب","instock","799","","799","https://neogen.store/wp-content/uploads/NG-GAM-007.jpg?wsr","https://neogen.store/product/8bitdo-arcade-stick-authentic-arcade-experience-at-home/"
"3089","NG-GAM-006","SteelSeries Arctis Nova 7 - Multi-Platform Wireless Gaming Headset","Gaming | ألعاب","instock","1199","","1199","https://neogen.store/wp-content/uploads/NG-GAM-006.jpg?wsr","https://neogen.store/product/steelseries-arctis-nova-7-multi-platform-wireless-gaming-headset/"
"3088","NG-GAM-005","Elgato HD60 X - External Capture Card for Streaming and Recording","Gaming | ألعاب","instock","1249","","1249","https://neogen.store/wp-content/uploads/NG-GAM-005.jpg?wsr","https://neogen.store/product/elgato-hd60-x-external-capture-card-for-streaming-and-recording/"
"3087","NG-GAM-004","Razer BlackWidow V4 75% - Compact Mechanical Gaming Keyboard","Gaming | ألعاب","instock","1199","","1199","https://neogen.store/wp-content/uploads/NG-GAM-004.jpg?wsr","https://neogen.store/product/razer-blackwidow-v4-75-compact-mechanical-gaming-keyboard/"
"3086","NG-GAM-003","HyperX Cloud III Wireless - Premium Wireless Gaming Headset","Gaming | ألعاب","instock","1149","999","999","https://neogen.store/wp-content/uploads/NG-GAM-003.jpg?wsr","https://neogen.store/product/hyperx-cloud-iii-wireless-premium-wireless-gaming-headset/"
"3085","NG-GAM-002","Razer DeathAdder V3 HyperSpeed - Ultra-Light Wireless Gaming Mouse","Gaming | ألعاب","instock","979","849","849","https://neogen.store/wp-content/uploads/NG-GAM-002.jpg?wsr","https://neogen.store/product/razer-deathadder-v3-hyperspeed-ultra-light-wireless-gaming-mouse/"
"3084","NG-GAM-001","8BitDo Ultimate C Bluetooth Controller - Multi-Platform Gaming","Gaming | ألعاب","instock","359","309","309","https://neogen.store/wp-content/uploads/NG-GAM-001.jpg?wsr","https://neogen.store/product/8bitdo-ultimate-c-bluetooth-controller-multi-platform-gaming/"
"3083","NG-NET-012","Ubiquiti UniFi Cloud Gateway Ultra - All-in-One UniFi Gateway","Networking | شبكات واتصالات","instock","899","","899","https://neogen.store/wp-content/uploads/NG-NET-012.jpg?wsr","https://neogen.store/product/ubiquiti-unifi-cloud-gateway-ultra-all-in-one-unifi-gateway/"
"3082","NG-NET-011","TP-Link Archer AXE75 - AXE5400 Tri-Band WiFi 6E Router","Networking | شبكات واتصالات","instock","1499","1299","1299","https://neogen.store/wp-content/uploads/NG-NET-011.jpg?wsr","https://neogen.store/product/tp-link-archer-axe75-axe5400-tri-band-wifi-6e-router/"
"3081","NG-NET-010","Ubiquiti UniFi USW-Flex-Mini - Ultra-Compact 5-Port Managed Switch","Networking | شبكات واتصالات","instock","219","","219","https://neogen.store/wp-content/uploads/NG-NET-010.jpg?wsr","https://neogen.store/product/ubiquiti-unifi-usw-flex-mini-ultra-compact-5-port-managed-switch/"
"3080","NG-NET-009","Netgear GS308E - 8-Port Gigabit Plus Smart Managed Switch","Networking | شبكات واتصالات","instock","209","","209","https://neogen.store/wp-content/uploads/NG-NET-009.jpg?wsr","https://neogen.store/product/netgear-gs308e-8-port-gigabit-plus-smart-managed-switch/"
"3079","NG-NET-008","MikroTik hEX S (RB760iGS) - 5-Port Gigabit Router with SFP and USB","Networking | شبكات واتصالات","instock","649","","649","https://neogen.store/wp-content/uploads/NG-NET-008.jpg?wsr","https://neogen.store/product/mikrotik-hex-s-rb760igs-5-port-gigabit-router-with-sfp-and-usb/"
"3078","NG-NET-007","Ubiquiti EdgeRouter X - Advanced Gigabit Router in a Pocket-Sized Form","Networking | شبكات واتصالات","instock","549","","549","https://neogen.store/wp-content/uploads/NG-NET-007.jpg?wsr","https://neogen.store/product/ubiquiti-edgerouter-x-advanced-gigabit-router-in-a-pocket-sized-form/"
"3077","NG-NET-006","TP-Link TL-SG108E - 8-Port Gigabit Easy Smart Managed Switch","Networking | شبكات واتصالات","instock","229","","229","https://neogen.store/wp-content/uploads/NG-NET-006.jpg?wsr","https://neogen.store/product/tp-link-tl-sg108e-8-port-gigabit-easy-smart-managed-switch/"
"3076","NG-NET-005","Ubiquiti UniFi 6 Lite - WiFi 6 Access Point (AX1500)","Networking | شبكات واتصالات","instock","849","","849","https://neogen.store/wp-content/uploads/NG-NET-005.jpg?wsr","https://neogen.store/product/ubiquiti-unifi-6-lite-wifi-6-access-point-ax1500/"
"3075","NG-NET-004","MikroTik CRS305-1G-4S+IN - 4-Port 10G SFP+ Desktop Switch","Networking | شبكات واتصالات","instock","1149","","1149","https://neogen.store/wp-content/uploads/NG-NET-004.jpg?wsr","https://neogen.store/product/mikrotik-crs305-1g-4sin-4-port-10g-sfp-desktop-switch/"
"3074","NG-NET-003","Ubiquiti UniFi Switch Lite 16 PoE - 16-Port Managed Gigabit PoE+ Switch","Networking | شبكات واتصالات","instock","1399","","1399","https://neogen.store/wp-content/uploads/NG-NET-003.jpg?wsr","https://neogen.store/product/ubiquiti-unifi-switch-lite-16-poe-16-port-managed-gigabit-poe-switch/"
"3073","NG-NET-002","TP-Link Deco XE75 (3-Pack) - AXE5400 WiFi 6E Whole-Home Mesh System","Networking | شبكات واتصالات","instock","2419","2099","2099","https://neogen.store/wp-content/uploads/NG-NET-002.jpg?wsr","https://neogen.store/product/tp-link-deco-xe75-3-pack-axe5400-wifi-6e-whole-home-mesh-system/"
"3072","NG-NET-001","MikroTik hAP ax3 - WiFi 6 Router with RouterOS Power","Networking | شبكات واتصالات","instock","799","","799","https://neogen.store/wp-content/uploads/NG-NET-001.jpg?wsr","https://neogen.store/product/mikrotik-hap-ax3-wifi-6-router-with-routeros-power/"
"3071","NG-SH-015","Sonoff SNZB-02D Zigbee Temperature &amp; Humidity Sensor with LCD Display","Smart Home &amp; IoT | أتمتة المنزل الذكي","instock","159","","159","https://neogen.store/wp-content/uploads/NG-SH-015.jpg?wsr","https://neogen.store/product/sonoff-snzb-02d-zigbee-temperature-humidity-sensor-with-lcd-display/"
"3070","NG-SH-014","MOES Zigbee Smart Thermostat (BHT-002-GCLZB) - Programmable HVAC Control","Smart Home &amp; IoT | أتمتة المنزل الذكي","instock","439","379","379","https://neogen.store/wp-content/uploads/NG-SH-014.jpg?wsr","https://neogen.store/product/moes-zigbee-smart-thermostat-bht-002-gclzb-programmable-hvac-control/"
"3069","NG-SH-013","Zemismart Zigbee Smart Tubular Motor (ZM25TQ) - Heavy-Duty Roller Blind Motor","Smart Home &amp; IoT | أتمتة المنزل الذكي","instock","699","","699","https://neogen.store/wp-content/uploads/NG-SH-013.jpg?wsr","https://neogen.store/product/zemismart-zigbee-smart-tubular-motor-zm25tq-heavy-duty-roller-blind-motor/"
"3068","NG-SH-012","Aqara Roller Shade Driver E1 (RSD-M01) - Smart Roller Blind Motor with HomeKit","Smart Home &amp; IoT | أتمتة المنزل الذكي","instock","689","599","599","https://neogen.store/wp-content/uploads/NG-SH-012.jpg?wsr","https://neogen.store/product/aqara-roller-shade-driver-e1-rsd-m01-smart-roller-blind-motor-with-homekit/"
"3067","NG-SH-011","SwitchBot Bot (S1) - Robotic Finger That Makes Any Button Smart","Smart Home &amp; IoT | أتمتة المنزل الذكي","instock","279","","279","https://neogen.store/wp-content/uploads/NG-SH-011.jpg?wsr","https://neogen.store/product/switchbot-bot-s1-robotic-finger-that-makes-any-button-smart/"
"3066","NG-SH-010","Eve Energy Smart Plug (Matter/Thread) - Next-Gen Smart Plug with Power Monitoring","Smart Home &amp; IoT | أتمتة المنزل الذكي","instock","399","","399","https://neogen.store/wp-content/uploads/NG-SH-010.jpg?wsr","https://neogen.store/product/eve-energy-smart-plug-matter-thread-next-gen-smart-plug-with-power-monitoring/"
"3065","NG-SH-009","Aqara Motion Sensor P1 (MS-S02) - Wide-Angle 170° Smart PIR Sensor","Smart Home &amp; IoT | أتمتة المنزل الذكي","instock","279","","279","https://neogen.store/wp-content/uploads/NG-SH-009.jpg?wsr","https://neogen.store/product/aqara-motion-sensor-p1-ms-s02-wide-angle-170-smart-pir-sensor/"
"3064","NG-SH-008","Shelly Plus 1PM - Smart Wi-Fi Relay with Power Monitoring","Smart Home &amp; IoT | أتمتة المنزل الذكي","instock","189","","189","https://neogen.store/wp-content/uploads/NG-SH-008.jpg?wsr","https://neogen.store/product/shelly-plus-1pm-smart-wi-fi-relay-with-power-monitoring/"
"3063","NG-SH-007","SwitchBot Curtain 3 (W2400000) - Turn Any Curtain Smart in Minutes","Smart Home &amp; IoT | أتمتة المنزل الذكي","instock","639","549","549","https://neogen.store/wp-content/uploads/NG-SH-007.jpg?wsr","https://neogen.store/product/switchbot-curtain-3-w2400000-turn-any-curtain-smart-in-minutes/"
"3062","NG-SH-006","Aqara Hub M2 (HM2-G01) - Multi-Protocol Smart Home Gateway","Smart Home &amp; IoT | أتمتة المنزل الذكي","instock","499","","499","https://neogen.store/wp-content/uploads/NG-SH-006.jpg?wsr","https://neogen.store/product/aqara-hub-m2-hm2-g01-multi-protocol-smart-home-gateway/"
"3061","NG-ENT-010","Ubiquiti UniFi Switch Pro 24 PoE (USW-Pro-24-PoE) - Smart Managed PoE+ Switch","Homelab | هوم لاب","instock","4199","","4199","https://neogen.store/wp-content/uploads/NG-ENT-010.jpg?wsr","https://neogen.store/product/ubiquiti-unifi-switch-pro-24-poe-usw-pro-24-poe-smart-managed-poe-switch/"
"3060","NG-ENT-009","HPE ProLiant DL380 Gen10 Server (Refurbished) - Data Center Power at Smart Pricing","Homelab | هوم لاب","instock","6499","","6499","https://neogen.store/wp-content/uploads/NG-ENT-009.jpg?wsr","https://neogen.store/product/hpe-proliant-dl380-gen10-server-refurbished-data-center-power-at-smart-pricing/"
"3059","NG-ENT-008","APC Smart-UPS 1500VA LCD RM 2U (SMT1500RMI2U) - Pure Sine Wave Rack UPS","Homelab | هوم لاب","instock","4899","","4899","https://neogen.store/wp-content/uploads/NG-ENT-008.jpg?wsr","https://neogen.store/product/apc-smart-ups-1500va-lcd-rm-2u-smt1500rmi2u-pure-sine-wave-rack-ups/"
"3058","NG-ENT-007","MikroTik CRS326-24G-2S+RM 24-Port Managed Gigabit Switch with 10G SFP+","Homelab | هوم لاب","instock","1649","","1649","https://neogen.store/wp-content/uploads/NG-ENT-007.jpg?wsr","https://neogen.store/product/mikrotik-crs326-24g-2srm-24-port-managed-gigabit-switch-with-10g-sfp/"
"3057","NG-ENT-006","Synology DiskStation DS1621+ 6-Bay NAS - Enterprise Storage Powerhouse","Homelab | هوم لاب","instock","5599","","5599","https://neogen.store/wp-content/uploads/NG-ENT-006.jpg?wsr","https://neogen.store/product/synology-diskstation-ds1621-6-bay-nas-enterprise-storage-powerhouse/"
"3056","NG-ACC-005","Flipper Zero - The Ultimate Multi-Tool for Geeks and Cyber-Research","Accessories &amp; Lifestyle | إكسسوارات","instock","1799","","1799","https://neogen.store/wp-content/uploads/NG-ACC-005.jpg?wsr","https://neogen.store/product/flipper-zero-the-ultimate-multi-tool-for-geeks-and-cyber-research/"
"3055","NG-ACC-004","Seagate IronWolf 18TB NAS Internal Hard Drive - Built for 24/7 Performance","Hardware | أجهزة PC","instock","3109","2699","2699","https://neogen.store/wp-content/uploads/NG-ACC-004.jpg?wsr","https://neogen.store/product/seagate-ironwolf-18tb-nas-internal-hard-drive-built-for-24-7-performance/"
"3054","NG-ACC-003","Mark Ryden Anti-theft Laptop Backpack - Maximum Protection for Your Tech","Accessories &amp; Lifestyle | إكسسوارات","instock","479","409","409","https://neogen.store/wp-content/uploads/NG-ACC-003.jpg?wsr","https://neogen.store/product/mark-ryden-anti-theft-laptop-backpack-maximum-protection-for-your-tech/"
"3053","NG-ACC-002","Anker 735 GaN 65W Charger - Compact 3-Port Fast Charger","Accessories &amp; Lifestyle | إكسسوارات","instock","379","","379","https://neogen.store/wp-content/uploads/NG-ACC-002.jpg?wsr","https://neogen.store/product/anker-735-gan-65w-charger-compact-3-port-fast-charger/"
"3052","NG-ACC-001","Baseus Blade 100W Power Bank - Ultra-Slim Laptop Portable Charger","Accessories &amp; Lifestyle | إكسسوارات","instock","499","","499","https://neogen.store/wp-content/uploads/NG-ACC-001.jpg?wsr","https://neogen.store/product/baseus-blade-100w-power-bank-ultra-slim-laptop-portable-charger/"
"3051","NG-MKR-005","Elgato Stream Deck MK.2 - Professional Productivity Console with 15 LCD Keys","Enthusiasts &amp; Gamers | هواة التقنية","instock","1439","1249","1249","https://neogen.store/wp-content/uploads/NG-MKR-005.jpg?wsr","https://neogen.store/product/elgato-stream-deck-mk-2-professional-productivity-console-with-15-lcd-keys/"
"3050","NG-MKR-004","Meta Quest 3 128GB - The Most Powerful Mixed Reality Headset","Enthusiasts &amp; Gamers | هواة التقنية","instock","3299","","3299","https://neogen.store/wp-content/uploads/NG-MKR-004.jpg?wsr","https://neogen.store/product/meta-quest-3-128gb-the-most-powerful-mixed-reality-headset/"
"3049","NG-MKR-003","Keychron Q1 - Premium Full Aluminum Custom Mechanical Keyboard","Enthusiasts &amp; Gamers | هواة التقنية","instock","1449","","1449","https://neogen.store/wp-content/uploads/NG-MKR-003.jpg?wsr","https://neogen.store/product/keychron-q1-premium-full-aluminum-custom-mechanical-keyboard/"
"3048","NG-MKR-002","Raspberry Pi 5 Ultimate Starter Kit - Everything You Need in One Box","Hardware | أجهزة PC","instock","1329","1149","1149","https://neogen.store/wp-content/uploads/NG-MKR-002.jpg?wsr","https://neogen.store/product/raspberry-pi-5-ultimate-starter-kit-everything-you-need-in-one-box/"
"3047","NG-MKR-001","Raspberry Pi 5 8GB - The New Standard in Single Board Computing","Hardware | أجهزة PC","instock","1039","899","899","https://neogen.store/wp-content/uploads/NG-MKR-001.jpg?wsr","https://neogen.store/product/raspberry-pi-5-8gb-the-new-standard-in-single-board-computing/"
"3046","NG-SH-005","Sonoff TX Ultimate (T5) Smart Wall Switch - Interactive Elegance with RGB","Smart Home &amp; IoT | أتمتة المنزل الذكي","instock","309","269","269","https://neogen.store/wp-content/uploads/NG-SH-005.jpg?wsr","https://neogen.store/product/sonoff-tx-ultimate-t5-smart-wall-switch-interactive-elegance-with-rgb/"
"3045","NG-SH-004","Aqara Water Leak Sensor - Safeguard Your Home from Water Damage","Smart Home &amp; IoT | أتمتة المنزل الذكي","instock","259","219","219","https://neogen.store/wp-content/uploads/NG-SH-004.jpg?wsr","https://neogen.store/product/aqara-water-leak-sensor-safeguard-your-home-from-water-damage/"
"3044","NG-SH-003","Broadlink RM4 Pro - Universal Smart Remote for IR &amp; RF Devices","Smart Home &amp; IoT | أتمتة المنزل الذكي","instock","359","","359","https://neogen.store/wp-content/uploads/NG-SH-003.jpg?wsr","https://neogen.store/product/broadlink-rm4-pro-universal-smart-remote-for-ir-rf-devices/"
"3043","NG-SH-002","UniFi Protect G4 Pro Camera - 4K Ultra HD Surveillance Excellence","Smart Home &amp; IoT | أتمتة المنزل الذكي","instock","2899","","2899","https://neogen.store/wp-content/uploads/NG-SH-002.jpg?wsr","https://neogen.store/product/unifi-protect-g4-pro-camera-4k-ultra-hd-surveillance-excellence/"
"3042","NG-SH-001","Aqara Smart Door Lock A100 - Elite Security with Apple HomeKey Support","Smart Home &amp; IoT | أتمتة المنزل الذكي","instock","1649","","1649","https://neogen.store/wp-content/uploads/NG-SH-001.jpg?wsr","https://neogen.store/product/aqara-smart-door-lock-a100-elite-security-with-apple-homekey-support/"
"3041","NG-ENT-005","Asustor Flashstor 6 (FS6706T) - All-NVMe SSD NAS for Extreme Performance","Homelab | هوم لاب","instock","3099","","3099","https://neogen.store/wp-content/uploads/NG-ENT-005.jpg?wsr","https://neogen.store/product/asustor-flashstor-6-fs6706t-all-nvme-ssd-nas-for-extreme-performance/"
"3040","NG-ENT-004","UniFi 6 Long-Range (U6-LR) - High-Performance WiFi 6 Access Point","Homelab | هوم لاب","instock","1649","","1649","https://neogen.store/wp-content/uploads/NG-ENT-004.jpg?wsr","https://neogen.store/product/unifi-6-long-range-u6-lr-high-performance-wifi-6-access-point/"
"3039","NG-ENT-003","Ubiquiti UniFi Dream Machine Pro (UDM-Pro) - All-in-One Enterprise Network Console","Homelab | هوم لاب","instock","3569","3099","3099","https://neogen.store/wp-content/uploads/NG-ENT-003.jpg?wsr","https://neogen.store/product/ubiquiti-unifi-dream-machine-pro-udm-pro-all-in-one-enterprise-network-console/"
"3038","NG-ENT-002","Asustor Lockerstor 4 (AS6604T) - Professional 4-Bay NAS for Creators","Homelab | هوم لاب","instock","3099","","3099","","https://neogen.store/product/asustor-lockerstor-4-as6604t-professional-4-bay-nas-for-creators/"
"3037","NG-ENT-001","Dell PowerEdge R730 Refurbished Server - Enterprise Power, Smart Investment","Homelab | هوم لاب","instock","8099","","8099","https://neogen.store/wp-content/uploads/NG-ENT-001.jpg?wsr","https://neogen.store/product/dell-poweredge-r730-refurbished-server-enterprise-power-smart-investment/"
