id,name,sku,status,price,regular_price,sale_price,stock_status,stock_quantity,short_description,permalink
3136,Eufy Video Doorbell S330 - Dual Camera Smart Doorbell (2K + Package Cam),NG-SEC-007,publish,1449,1449,,instock,,"<p>Smart doorbell with two cameras: 2K main camera and a dedicated lower package camera. Local storage with no monthly subscription. Built-in battery with optional wired installation. Works with HomeBase 3.</p>
",https://neogen.store/product/eufy-video-doorbell-s330-dual-camera-smart-doorbell-2k-package-cam/
3135,Ajax Hub 2 Plus - Professional Wireless Smart Alarm System,NG-SEC-006,publish,2499,2499,,instock,,"<p>Smart alarm hub supporting up to 200 devices. Dual connectivity (Ethernet + 2x SIM) with 15-hour backup battery. Advanced anti-jamming and anti-tamper. Supports cameras and visual verification.</p>
",https://neogen.store/product/ajax-hub-2-plus-professional-wireless-smart-alarm-system/
3134,Reolink 16-Channel PoE NVR (RLN16-410) - 4K Network Video Recorder,NG-SEC-005,publish,1599,1599,,instock,,"<p>16-channel NVR supporting cameras up to 12MP. Built-in 16 PoE ports power cameras directly. Supports up to 12TB HDD. No monthly subscription.</p>
",https://neogen.store/product/reolink-16-channel-poe-nvr-rln16-410-4k-network-video-recorder/
3133,Ubiquiti UniFi Protect G4 Doorbell Pro - 5MP Smart Doorbell with Fingerprint Reader,NG-SEC-004,publish,2299,2299,,instock,,"<p>Smart video doorbell with 5MP camera, night vision, and built-in fingerprint reader. On-device LCD screen for visitor messages. Works with UniFi Protect with no monthly subscription.</p>
",https://neogen.store/product/ubiquiti-unifi-protect-g4-doorbell-pro-5mp-smart-doorbell-with-fingerprint-reader/
3132,Hikvision DS-2CD2143G2-I - 4MP AcuSense Dome Camera,NG-SEC-003,publish,749,749,,instock,,"<p>Indoor/outdoor 4MP dome camera with AcuSense AI detection. 2.8mm lens with 103° angle and 30-meter night vision. Vandal-proof IK10 design with PoE power.</p>
",https://neogen.store/product/hikvision-ds-2cd2143g2-i-4mp-acusense-dome-camera/
3131,Reolink Argus 4 Pro - Solar-Powered Wireless 4K Security Camera,NG-SEC-002,publish,1199,1199,,instock,,"<p>Fully wireless 4K security camera with integrated solar panel. Color night vision and AI smart detection. Built-in battery charges via solar. No wires needed whatsoever.</p>
",https://neogen.store/product/reolink-argus-4-pro-solar-powered-wireless-4k-security-camera/
3130,Reolink RLC-810A - 4K PoE AI Security Camera,NG-SEC-001,publish,549,549,,instock,,"<p>Outdoor 4K (8MP) security camera with PoE power over Ethernet. AI-powered person and vehicle detection. 30-meter night vision. Local storage on microSD or NVR.</p>
",https://neogen.store/product/reolink-rlc-810a-4k-poe-ai-security-camera/
