ID,SKU,GTIN / EAN / UPC,MPN,Product Name (EN),Brand,Model Number,Category,Product Type,Condition,Product Name (AR),Short Description (AR),Key Features (AR) [JSON],Package Contents (AR),Weight (kg),Length (cm),Width (cm),Height (cm),Shipping Class,Dimension Confidence,Country of Origin,HS Code,Voltage,Regular Price (SAR),Sale Price (SAR),Cost Price FOB,Cost Currency,Landed Cost (SAR),MSRP,MAP Price,VAT Rate (%),Price Incl. VAT,Amazon SA Ref Price,Your Price vs Amazon (SAR),Your Price vs Amazon (%),Amazon Ref URL,Amazon Ref Date,Lifecycle Status,Replacement SKU,Release Date,EOL Date,Warranty (months),Warranty Type,Return Policy Days
54,GM-CMP-NZX-001,,,NZXT H9 Elite Mid-Tower ATX Case,,,Hardware,Physical,New,NZXT H9 Elite كيس متوسط كيس ATX,"<p>يقدم لك NZXT H9 Elite Mid-Tower ATX Case حلًا مثاليًا لتنظيم أجهزتك الإلكترونية وتعزيز أدائها.</p>

    <h2><strong>لماذا هذا المنتج؟</strong></h2>
    <ul style=""direction: rtl;"">
        <li>تصمي",,,12,60,55,55,Oversized,Model Specific,,,,1349,,,,,,,15,Yes,,,,,,Mainstream,,,,,,14
55,GM-CMP-COR-001,,,Corsair iCUE H150i RGB Elite (360mm AIO),,,Hardware,Physical,New,كورسير iCUE H150i RGB Elite (360mm AIO),"<p>تتميز لوحة التبريد ال todo ""أيكو"" من كورسار بتصميمها المبتكر وتقنياتها المتقدمة، مما يجعلها الخيار الأمثل لمحبي الألعاب.</p>

    <h2><strong>لماذا هذا المنتج؟</strong></h2>
    <ul style=""directio",,,2.5,42,22,14,Heavy,Model Specific,,,,1149,,,,,,,15,Yes,,,,,,Mainstream,,,,,,14
56,GM-GPU-GIG-001,,,Gigabyte AORUS RTX 5090 Master 32GB,,,Hardware,Physical,New,جيجابايت AORUS RTX 5090 Master 32GB,"<p>تتميز بطاقة الرسوميات Gigabyte AORUS RTX 5090 Master 32GB بأداء قوي ودقة رسومية عالية، مثالية لمحترفي التحرير الفيديو والألعاب ثلاثية الأبعاد.</p>
    <h2><strong>لماذا هذا المنتج؟</strong></h2>
  ",,,3.5,45,30,15,Heavy,Model Specific,,,,27999,,,,,,,15,Yes,,,,,,Mainstream,,,,,,14
57,GM-GPU-NVD-002,,,NVIDIA RTX 5080 Founders Edition (16GB),,,Hardware,Physical,New,إنفيديا RTX 5080 فاوندرز إديشن (16GB),"<p>تتميز بمعالج NVIDIA RTX 5080 Founders Edition بأحدث التقنيات التي تضمن أداءً مذهلاً في الألعاب والتطبيقات المتقدمة.</p>

    <h2><strong>لماذا هذا المنتج؟</strong></h2>
    <ul style=""direction: rt",,,2.8,40,25,12,Heavy,Model Specific,,,,6499,,,,,,,15,Yes,,,,,,Mainstream,,,,,,14
58,GM-GPU-NVD-001,,,NVIDIA RTX 5090 Founders Edition (32GB),,,Hardware,Physical,New,إنفيديا RTX 5090 فاوندرز إديشن (32GB),"<p>تعد NVIDIA RTX 5090 Founders Edition من أقوى بطاقات الرسوميات المتاحة حالياً، مصممة لتقديم تجربة رسومية عميقة وذكاء حاسوبي متقدم.</p>

    <strong>لماذا هذا المنتج؟</strong>
    <ul>
        <li>قد",,,3.2,42,28,14,Heavy,Model Specific,,,,26449,22999,,,,,,15,Yes,,,,,,Mainstream,,,,,,14
84,NT-MPC-DEL-001,,,Dell OptiPlex 7070 Micro (Refurb),,,Homelab,Physical,Refurbished,دell OptiPlex 7070 ميكرو (مرجع),"<p>تتميز ديل أوبتيبلекс 7070 ميكرو (ريفورب) بتصميمها компактный وفعالية عالية في استخدام الطاقة، مما يجعلها خيارًا مثاليًا للعملاء الذين يبحثون عن كمبيوتر قوي ومحمول.</p>
    
    <h2><strong>لماذا هذ",,,1.5,22,20,8,Standard,Model Specific,,,,1610,,,,,,,15,Yes,1282,328,25.6,https://www.amazon.sa/-/en/Dell-OptiPlex-5060-Computer-Professional/dp/B0C31DTK9C/ref=sr_1_1,2026-04-29,Mainstream,,,,,,14
85,NT-MPC-BLK-002,,,Beelink EQ12 (Intel N100),,,Homelab,Physical,New,بييلينك إيه جي 12 (إنтел ن100),"<p>يقدم لكم متجرنا الإلكتروني Beelink EQ12، جهازًا مثاليًا للعملاء الذين يبحثون عن أداء عالٍ في الحوسبة المحمولة.</p>

    <h3><strong>لماذا هذا المنتج؟</strong></h3>
    <ul>
        <li>معالج Intel ",,,0.8,18,15,8,Standard,Model Specific,,,,999,,,,,,,15,Yes,,,,,,Mainstream,,,,,,14
86,NT-MPC-BLK-001,,,Beelink SER7 (Ryzen 7 7735HS),,,Homelab,Physical,New,بييلينك سير7 (ريزين 7 7735HS),"<p>تتميز جهاز Beelink SER7 بمعالج Ryzen 7 7735HS القوي والمتطور، مما يجعله الخيار الأمثل للعمل والترفيه.</p>

    <h2><strong>لماذا هذا المنتج؟</strong></h2>
    <ul style=""direction: rtl;"">
        <",,,1,18,15,8,Standard,Model Specific,,,,2399,,,,,,,15,Yes,,,,,,Mainstream,,,,,,14
87,NT-MPC-MNF-001,,,MinisForum MS-01 (Homelab Server),,,Homelab,Physical,New,مินيسفورم MS-01 (خادم المنزلية),"<p>مُعد للعمل في المنزل، يوفر MinisForum MS-01 أداءً قويًا مع تصميم مدمج.</p>
    
    <h2><strong>لماذا هذا المنتج؟</strong></h2>
    <ul style=""direction: rtl;"">
        <li>معالج Intel® Core™ i3-10",,,3.5,35,25,12,Heavy,Model Specific,,,,4599,3999,,,,,,15,Yes,,,,,,Mainstream,,,,,,14
88,NT-POE-TPL-001,,,TP-Link TL-SG1005P 5-Port PoE,,,Networking,Physical,New,تي بي لينك TL-SG1005P 5-Port PoE,"<p>تتميز شبكة تبادل البيانات اللاسلكية TP-Link TL-SG1005P بخمس منافذ PoE، مما يجعلها الخيار الأمثل لشبكات الشركات الصغيرة والمتوسطة.</p>

    <h2><strong>لماذا هذا المنتج؟</strong></h2>
    <ul style=",,,0.5,20,15,5,Standard,Model Specific,,,,299,,,,,,,15,Yes,,,,,,Mainstream,,,,,,14
89,NT-POE-UBQ-001,,,Ubiquiti USW-Lite-8-PoE,,,Networking,Physical,New,يوبيكويتي USW-Lite-8-PoE,"<p>يعد جهاز الـ <strong>USW-Lite-8-PoE</strong> من عبiquiti حلًا مثاليًا لشبكات الشركات الصغيرة والمتوسطة، حيث يجمع بين الأداء العالي والتكلفة المنخفضة.</p>
    
    <h2><strong>لماذا هذا المنتج؟</str",,,0.8,28,18,5,Standard,Model Specific,,,,849,,,,,,,15,Yes,,,,,,Mainstream,,,,,,14
90,NT-KVM-ATN-001,,,ATEN CS1924M 4-Port DP KVM,,,Homelab,Physical,New,unità كيام فيم أرتبت 4 من دببلير,"<!-- فقرة افتتاحية واحدة -->
    <p>ATEN CS1924M هو كمبيوتر مركزي متعدد الأجهزة يوفر حلًا فعالاً لتحكم وإدارة أجهزة الكمبيوتر.</p>

    <!-- قسم ""لماذا هذا المنتج؟"" -->
    <h3><strong>لماذا هذا المنت",,,1.5,35,22,8,Standard,Model Specific,,,,2399,,,,,,,15,Yes,,,,,,Mainstream,,,,,,14
91,NT-KVM-TES-001,,,TESmart HKS0401A1U 4-Port HDMI KVM,,,Homelab,Physical,New,TESmart HKS0401A1U 4-قناة كييهأمفي إتشديمي,"<p>تتميز لوحة التحكم HDMI KVM TESmart HKS0401A1U بتصميمها المبتكر وسهولة استخدامها، مما يجعلها الخيار الأمثل لمن يرغب في إدارة عدة أجهزة إلكترونية من خلال جهاز واحد.</p>
    <h2><strong>لماذا هذا المن",,,1.2,30,20,6,Standard,Model Specific,,,,689,599,,,,,,15,Yes,,,,,,Mainstream,,,,,,14
92,NT-FWL-FTN-001,,,Fortinet FortiGate 60F,,,Homelab,Physical,New,فورتي نت FortiGate 60F,"<p>هذا الصرح التقني المتميز، Fortinet FortiGate 60F، هو الحل الأمثل للحماية الرقمية في منازل وشركات صغيرة.</p>

    <h2><strong>لماذا هذا المنتج؟</strong></h2>
    <ul style=""direction: rtl;"">
       ",,,1.5,30,22,6,Standard,Model Specific,,,,6329,5499,,,,,,15,Yes,,,,,,Mainstream,,,,,,14
93,NT-FWL-NGT-002,,,Netgate 2100 MAX pfSense+ Gateway,,,Homelab,Physical,New,نتجيت 2100 MAX pfSense+ Gateway,"<p>يعد جهاز Netgate 2100 MAX pfSense+ Gateway الحل الأمثل للشبكات المتوسطة الحجم والكبيرة، حيث يجمع بين أمان متقدم وسرعة اتصال عالية.</p>

    <h3><strong>لماذا هذا المنتج؟</strong></h3>
    <ul style",,,1.2,25,18,6,Standard,Model Specific,,,,2740,,,,,,,15,Yes,2191,549,25.1,https://www.amazon.sa/-/en/PfSense-Netgate-2100-Firewall-Router/dp/B0D35Y6RLG/ref=sr_1_1,2026-04-29,Mainstream,,,,,,14
94,NT-FWL-NGT-001,,,Netgate 4200 MAX pfSense+ Gateway,,,Homelab,Physical,New,نتجيت 4200 MAX pfSense+ Gateway,"<p>يقدم لك Netgate 4200 MAX pfSense+ Gateway أداءً عالي الجودة وموثوقية في حلول الشبكات.</p>

    <section>
        <h3><strong>لماذا هذا المنتج؟</strong></h3>
        <ul style=""list-style-type: disc",,,1.8,30,22,6,Standard,Model Specific,,,,3399,,,,,,,15,Yes,,,,,,Mainstream,,,,,,14
95,NT-CBL-GEN-001,,,Cat6a Shielded Bulk Cable (305m),,,Networking,Physical,New,كابل كاثي 6ا مغطى بالحشوات (305م),"<p>هذا الحبل الكاث 6 آيه مغطى مناسب لنقل البيانات بسرعة عالية ودقة.</p>

    <h2><strong>لماذا هذا المنتج؟</strong></h2>
    <ul>
        <li>سرعة نقل البيانات تصل إلى 10 جيجابايت في الثانية.</li>
   ",,,15,40,35,35,Oversized,Model Specific,,,,740,,,,,,,15,Yes,592,148,25,https://www.amazon.sa/-/en/Cable-Matters-Listed-10Gbps-Shielded/dp/B0FHNX9TBZ/ref=sr_1_1,2026-04-29,Mainstream,,,,,,14
96,NT-CBL-FSC-001,,,10G SFP+ DAC Twinax Cable (1m),,,Networking,Physical,New,خطа 10G SFP+ DAC تيفيناكس (1م),"<p>هذا الكابل DAC SFP+ 10G مصمم للاستخدام في شبكات البيانات العالية السرعة.</p>

<ul>
    <li><strong>عالي الأداء:</strong> يدعم سرعات نقل بيانات تصل إلى 10 غيغابايت في الثانية.</li>
    <li><strong>م",,,0.15,20,10,3,Standard,Verified,,,,80,,,,,,,15,Yes,63,17,27,https://www.amazon.sa/-/en/QSFPTEK-SFP-SFP-H10GB-CU1M-Ubiquiti-Mikrotik/dp/B087PB2ZP3/ref=sr_1_4,2026-04-29,Mainstream,,,,,,14
97,NT-SFP-FSC-001,,,FS.com 10GBASE-SR SFP+ Transceiver,,,Networking,Physical,New,فركس.كوم 10GBASE-SR سفبيس بلس ترانسفيسر,"<p>هذا الترانسيIVER FS.com 10GBASE-SR SFP+ هو الخيار الأمثل لشبكات البيانات السريعة.</p>

    <h2><strong>لماذا هذا المنتج؟</strong></h2>
    <ul style=""direction: rtl;"">
        <li>سرعة انتقال بيانا",,,0.05,12,8,3,Standard,Verified,,,,129,,,,,,,15,Yes,,,,,,Mainstream,,,,,,14
98,NT-SRV-NVP-001,,,NavePoint 1U Cantilever Rack Shelf,,,Homelab,Physical,New,رacksHELF 1U قوسية من NavePoint,"<p>يقدم لك NavePoint 1U Cantilever Rack Shelf حلًا فعالًا لتنظيم أدواتك الإلكترونية بفعالية.</p>

    <h2><strong>لماذا هذا المنتج؟</strong></h2>
    <ul style=""margin-left: 30px;"">
        <li>تصميم ",,,3,55,35,8,Heavy,Verified,,,,249,,,,,,,15,Yes,,,,,,Mainstream,,,,,,14
99,NT-SRV-CBM-001,,,Cable Matters 24-Port Cat6 Patch Panel (1U),,,Homelab,Physical,New,كيبل ماترز 24-Port Cat6 Patch Panel (1U),"<p>تتميز لوحة التوصيل Cat6 24-بوابات من Cable Matters بتصميمها المتطور وقوتها في معالجة البيانات.</p>

    <h3><strong>لماذا هذا المنتج؟</strong></h3>
    <ul style=""margin-left: 20px;"">
        <li>ت",,,1.5,55,20,6,Standard,Verified,,,,239,,,,,,,15,Yes,,,,,,Mainstream,,,,,,14
100,NT-SRV-STC-001,,,StarTech RK12WALLOA 12U Wall-Mount Rack,,,Homelab,Physical,New,رacks StarTech RK12WALLOA 12U لصقل جداري,"<p>تعد رف StarTech RK12WALLOA 12U المثبت على الجدار الخيار الأمثل لتنظيم وحماية أجهزة الكمبيوتر والشبكات في مراكز البيانات الصغيرة.</p>

    <h3><strong>لماذا هذا المنتج؟</strong></h3>
    <ul style=""",,,18,65,55,65,Oversized,Model Specific,,,,1399,,,,,,,15,Yes,,,,,,Mainstream,,,,,,14
101,NT-UPS-APC-002,,,APC Back-UPS Pro BX1500M (Tower),,,Homelab,Physical,New,أي بي سي بæk-آب آر باس برو بكس1500م (توير),"<p>يعد Back-UPS Pro BX1500M من APC حلًا مثاليًا للحماية من انقطاع التيار الكهربائي في بيئات العمل المنزلية والتجارية.</p>

    <h2><strong>لماذا هذا المنتج؟</strong></h2>
    <ul style=""direction: rtl",,,12,45,30,22,Oversized,Model Specific,,,,1839,1599,,,,,,15,Yes,,,,,,Mainstream,,,,,,14
102,NT-UPS-CYB-001,,,CyberPower OR1500LCDRM1U (1500VA 1U),,,Homelab,Physical,New,كابايوراوتر أر1500لسيدرم1يو (1500واط 1يو),"<!-- فقرة افتتاحية واحدة -->
    <p>يعد CyberPower OR1500LCDRM1U نظامًا كهربائيًا موثوقًا وفعالًا يوفر حماية شاملة للكمبيوترات والأنظمة الإلكترونية.</p>

    <!-- قسم ""لماذا هذا المنتج؟"" -->
    <h2>ل",,,14,55,35,12,Oversized,Model Specific,,,,2419,2099,,,,,,15,Yes,,,,,,Mainstream,,,,,,14
103,NT-UPS-APC-001,,,APC Smart-UPS SMT1500RM2UC (1500VA Rack),,,Homelab,Physical,New,أي بي سي سمارت آبس إس إم تي 1500 في أي راك,"<p>يتميز جهاز APC Smart-UPS SMT1500RM2UC (1500VA Rack) بقدرته على توفير حماية فعالة للمعدات الإلكترونية أثناء انقطاع التيار الكهربائي.</p>

    <h3><strong>لماذا هذا المنتج؟</strong></h3>
    <ul styl",,,22,58,38,12,Oversized,Model Specific,,,,4899,,,,,,,15,Yes,,,,,,Mainstream,,,,,,14
104,NT-NAS-QNP-002,,,QNAP TS-262-4G (2-Bay),,,Homelab,Physical,New,كيو ناب TS-262-4G (2-Bay),"<p>هذا الجهاز الرقمي المتطور من QNAP يوفر حل تخزين البيانات الأمثل لمستخدميه.</p>

    <h2><strong>لماذا هذا المنتج؟</strong></h2>
    <ul style=""direction: rtl;"">
        <li>دعم أجهزة الذاكرة ذات ال",,,2.5,30,22,18,Heavy,Model Specific,,,,1899,,,,,,,15,Yes,,,,,,Mainstream,,,,,,14
105,NT-NAS-QNP-001,,,QNAP TS-464-8G (4-Bay),,,Homelab,Physical,New,كيو ناب TS-464-8G (4-Bay),"<p>المنتج المتميز QNAP TS-464-8G هو حل تخزين بيانات متقدم يوفر أداءً عاليًا وموثوقية ممتازة.</p>

<strong>لماذا هذا المنتج؟</strong>
<ul style=""margin-left: 20px;"">
    <li>يتميز بمعالج Intel Atom X5-",,,3.5,32,25,22,Heavy,Model Specific,,,,2799,,,,,,,15,Yes,,,,,,Mainstream,,,,,,14
106,NT-NAS-SYN-002,,,Synology DS925+ (4-Bay),,,Homelab,Physical,New,سينولوجي DS925+ (4-Bay),"<!-- فقرة افتتاحية واحدة -->
    <p>الإنتراكتور المثالي لمنزلك، Synology DS925+ (4-Bay) يجمع بين الأداء القوي والموثوقية العالية في نظام تخزين متعدد الاستخدامات.</p>

    <!-- قسم ""لماذا هذا المنتج؟"" ",,,3.5,32,25,22,Heavy,Model Specific,,,,3499,,,,,,,15,Yes,,,,,,Mainstream,,,,,,14
107,NT-NAS-SYN-001,,,Synology DS225+ (2-Bay),,,Homelab,Physical,New,سينولوجي DS225+ (2-Bay),"<p>إنه حل تخزين بيانات متقدم يجمع بين الأداء العالي والموثوقية.</p>

    <h3><strong>لماذا هذا المنتج؟</strong></h3>
    <ul style=""list-style-type: disc;"">
        <li>معالج Intel Atom E3805D بسرعة 1",,,2.5,28,22,18,Heavy,Model Specific,,,,2419,2099,,,,,,15,Yes,,,,,,Mainstream,,,,,,14
108,NT-WAP-TPL-002,,,TP-Link Omada EAP650,,,Networking,Physical,New,تي بي لينك Omada EAP650,"<!-- فقرة افتتاحية واحدة -->
    <p>تتميز محطة Wi-Fi المتنقلة TP-Link Omada EAP650 بقدراتها المتقدمة وموثوقيتها، مما يجعلها الخيار الأمثل لشبكات الشركات الصغيرة والمتوسطة.</p>

    <!-- قسم ""لماذا هذا",,,0.6,28,28,8,Standard,Model Specific,,,,919,799,,,,,,15,Yes,,,,,,Mainstream,,,,,,14
109,NT-WAP-TPL-001,,,TP-Link Omada EAP610,,,Networking,Physical,New,تي بي لينك Omada EAP610,"<!-- فقرة افتتاحية واحدة -->
    <p>تتميز محطة Wi-Fi المدمجة TP-Link Omada EAP610 بقدراتها القوية وتصميمها المبتكر، مما يجعلها الخيار الأمثل لتحسين تغطية الشبكة في منازل وأماكن العمل.</p>

    <!-- قس",,,0.6,28,28,8,Standard,Model Specific,,,,689,599,,,,,,15,Yes,,,,,,Mainstream,,,,,,14
110,NT-WAP-UBQ-002,,,Ubiquiti UniFi U7 Pro,,,Networking,Physical,New,يوبيكويتي UniFi U7 Pro,"<p>تتميز شبكة Wi-Fi Ubiquiti UniFi U7 Pro بتقنية متقدمة تضمن سرعة وثبات الاتصال.</p>

    <h2><strong>لماذا هذا المنتج؟</strong></h2>
    <ul>
        <li>سرعة اتصال Wi-Fi تصل إلى 867 ميجابت في الثاني",,,0.5,25,25,8,Standard,Model Specific,,,,1609,1399,,,,,,15,Yes,,,,,,Mainstream,,,,,,14
111,NT-WAP-UBQ-001,,,Ubiquiti UniFi U6 Pro,,,Networking,Physical,New,يوبيكويتي UniFi U6 Pro,"<p>يتميز جهاز Ubiquiti UniFi U6 Pro بتصميم مبتكر يجمع بين الأداء العالي والموثوقية.</p>

    <h2><strong>لماذا هذا المنتج؟</strong></h2>
    <ul style=""list-style-type: disc; margin-left: 30px;"">
    ",,,0.5,25,25,8,Standard,Model Specific,,,,910,,,,,,,15,Yes,725,185,25.5,https://www.amazon.sa/-/en/Ubiquiti-Professional-Access-Throughput-Plastic/dp/B09RGHTGBB/ref=sr_1_1,2026-04-29,Mainstream,,,,,,14
112,NT-NET-UBQ-001,,,Ubiquiti USW-Pro-24-PoE,,,Networking,Physical,New,يوبيكويتي USW-Pro-24-PoE,"<p>يتميز جهاز التبادل الرقمي Ubiquiti USW-Pro-24-PoE بتصميمه المبتكر وقوته في تقديم خدمات الشبكة.</p>

    <h3><strong>لماذا هذا المنتج؟</strong></h3>
    <ul style=""direction: ltr;"">
        <li>يوفر",,,5.5,55,35,8,Heavy,Verified,,,,2370,,,,,,,15,Yes,1889,481,25.5,https://www.amazon.sa/-/en/Ubiquiti-Networks-USW-Pro-Max-16-PoE-180W/dp/B0D3WQVCZW/ref=sr_1_2,2026-04-29,Mainstream,,,,,,14
113,NT-NET-MKT-004,,,MikroTik CRS312-4C+8XG-RM,,,Networking,Physical,New,ميكروتيك CRS312-4C+8XG-RM,"<p>يقدم MikroTik CRS312-4C+8XG-RM حلًا شاملًا لشبكات البيانات الصغيرة والمتوسطة الحجم، مع مزيج قوي من الأداء والموثوقية.</p>

    <h2><strong>لماذا هذا المنتج؟</strong></h2>
    <ul style=""direction: ",,,2,35,22,5,Standard,Model Specific,,,,2799,,,,,,,15,Yes,,,,,,Mainstream,,,,,,14
114,NT-NET-MKT-003,,,MikroTik CRS328-24P-4S+RM (PoE),,,Networking,Physical,New,ميكروتيك CRS328-24P-4S+RM (PoE),"<p>تتميز شبكة MikroTik CRS328-24P-4S+RM (PoE) بأدائها القوي وموثوقيتها العالية، مما يجعلها الخيار الأمثل لشبكات الشركات الصغيرة والمتوسطة.</p>
    
    <h2><strong>لماذا هذا المنتج؟</strong></h2>
    ",,,5,55,35,8,Heavy,Verified,,,,3109,2699,,,,,,15,Yes,,,,,,Mainstream,,,,,,14
115,NT-NET-MKT-002,,,MikroTik CRS326-24G-2S+RM,,,Networking,Physical,New,ميكروتيك CRS326-24G-2S+RM,"<p>تتميز شبكة MikroTik CRS326-24G-2S+RM بقدرتها على توفير حلول متعددة الاستخدامات في مجال الشبكات الصغيرة والمتوسطة.</p>

    <h2><strong>لماذا هذا المنتج؟</strong></h2>
    <ul style=""direction: rtl;",,,3.5,55,30,8,Heavy,Verified,,,,1199,,,,,,,15,Yes,,,,,,Mainstream,,,,,,14
116,NT-NET-MKT-001,,,MikroTik CRS305-1G-4S+IN,,,Networking,Physical,New,ميكروتيك CRS305-1G-4S+IN,"<p>هذا الراوتر القوي مصمم خصيصًا لشبكات الأعمال الصغيرة والمتوسطة، مع دعم متعدد الأجهزة وسرعة عالية.</p>
    
    <h2><strong>لماذا هذا المنتج؟</strong></h2>
    <ul>
        <li>دعم 4 أجهزة USB للتخز",,,0.5,18,14,5,Standard,Model Specific,,,,999,,,,,,,15,Yes,,,,,,Mainstream,,,,,,14
117,SH-SWB-SWBT-003,,,SwitchBot Blind Tilt,,,Smart Home & IoT,Physical,New,سويتشBot Blind Tilt,"<div>
    <p>SwitchBot Blind Tilt هو حل ذكي يتيح لك التحكم في نوافذ الستائر من خلال هاتفك الذكي، مما يجعل عملية فتح وغلق الستائر أكثر سهولة.</p>
    <h2><strong>لماذا هذا المنتج؟</strong></h2>
    <ul",,,0.15,14,10,5,Standard,Model Specific,,,,479,,,,,,,15,Yes,,,,,,Mainstream,,,,,,14
118,SH-SWB-SWBT-002,,,SwitchBot Bot (Smart Button Pusher),,,Smart Home & IoT,Physical,New,_switchBot بوت (مُدَفِّع زر ذكي)_,"<div>
    <p>تستعرض لكم SwitchBot Bot، زر ذكي يتيح لك التحكم في أجهزتك الذكية بسهولة.</p>
    <h2><strong>لماذا هذا المنتج؟</strong></h2>
    <ul>
        <li>يتميز بتصميم فريد وسهل الاستخدام.</li>
  ",,,0.1,10,8,5,Standard,Model Specific,,,,239,,,,,,,15,Yes,,,,,,Mainstream,,,,,,14
119,SH-SWB-SWBT-001,,,SwitchBot Hub 2 (Matter Enabled),,,Smart Home & IoT,Physical,New,سويتشBot Hub 2 (Matter Enabled),"<p>تتميز تقنية التحكم الذكي في المنزل باستخدام SwitchBot Hub 2 (Matter Enabled) بسهولة وفعالية غير مسبوقة.</p>

    <h3><strong>لماذا هذا المنتج؟</strong></h3>
    <ul style=""direction: rtl;"">
       ",,,0.2,14,10,5,Standard,Model Specific,,,,559,479,,,,,,15,Yes,,,,,,Mainstream,,,,,,14
120,SH-HUB-HUBI-001,,,Hubitat Elevation C-8 Pro,,,Smart Home & IoT,Physical,New,محطات إيليفيشن C-8 برو,"<!-- فقرة افتتاحية واحدة -->
    <p>يقدم جهاز Hubitat Elevation C-8 Pro حلًا شاملًا للمراقبة والتحكم في منزلك الذكي.</p>

    <!-- قسم ""لماذا هذا المنتج؟"" -->
    <strong>لماذا هذا المنتج؟</strong>
  ",,,0.3,16,12,6,Standard,Model Specific,,,,1199,,,,,,,15,Yes,,,,,,Mainstream,,,,,,14
121,SH-HUB-HASS-001,,,Home Assistant Green,,,Smart Home & IoT,Physical,New,هوم أسيستنت Green,"<p>تتميز منصة Home Assistant Green بقدرتها على تحسين إدارة الأجهزة الذكية في المنزل بشكل فعّال وسهل.</p>

    <strong>لماذا هذا المنتج؟</strong>
    <ul style=""margin-left: 20px;"">
        <li>واجهة م",,,0.3,16,12,6,Standard,Model Specific,,,,890,,,,,,,15,Yes,707,183,25.9,https://www.amazon.sa/-/en/Assistant-Advanced-Automation-Official-Hardware/dp/B0CXVKSG19/ref=sr_1_1,2026-04-29,Mainstream,,,,,,14
122,SH-HUB-AQRA-001,,,Aqara Hub M3,,,Smart Home & IoT,Physical,New,مجمع أقارة M3,"<p>أدخل عالم التحكم الذكي بفضل أقارة هاب م3، جهاز مركز متقدم يربط بين جميع أدواتك الذكية.</p>
    
    <h2><strong>لماذا هذا المنتج؟</strong></h2>
    <ul style=""list-style-type: disc;"">
        <li>د",,,0.25,14,10,5,Standard,Model Specific,,,,1039,899,,,,,,15,Yes,,,,,,Mainstream,,,,,,14
124,SH-BLD-SWBT-001,,,SwitchBot Curtain 3,,,Smart Home & IoT,Physical,New,سويتشBot Curtain 3,"<p>تتميز سماعة SwitchBot Curtain 3 بسهولة التشغيل والتحكم عن بعد في الأقفال الكهربائية للنوافذ.</p>

    <h2><strong>لماذا هذا المنتج؟</strong></h2>
    <ul style=""direction: rtl;"">
        <li>إمكاني",,,0.3,18,10,8,Standard,Model Specific,,,,649,,,,,,,15,Yes,,,,,,Mainstream,,,,,,14
125,SH-VDB-EUFY-001,,,Eufy Video Doorbell E340 (Dual Camera),,,Smart Home & IoT,Physical,New,يوفي Video جرس باب E340 (Dual كاميرا),"<!-- فقرة افتتاحية واحدة -->
    <p>إنه الحل الأمثل لحماية منزلك، مع الكاميرا المزدوجة والذكاء الصناعي.</p>

    <!-- قسم ""لماذا هذا المنتج؟"" -->
    <strong>لماذا هذا المنتج؟</strong>
    <ul>
      ",,,0.5,22,14,8,Standard,Model Specific,,,,999,,,,,,,15,Yes,,,,,,Mainstream,,,,,,14
126,SH-VDB-RING-001,,,Ring Battery Doorbell Plus,,,Smart Home & IoT,Physical,New,Ring Battery جرس باب Plus,"<p>هذا البابلير الكهربائي من Ring هو الحل الأمثل لحماية منزلك وتحسين تجربة الاستقبال.</p>

    <h2><strong>لماذا هذا المنتج؟</strong></h2>
    <ul style=""list-style-type: disc; margin-left: 30px;"">
  ",,,0.45,20,14,8,Standard,Model Specific,,,,999,,,,,,,15,Yes,,,,,,Mainstream,,,,,,14
127,SH-CAM-RELK-001,,,Reolink Argus 4 Pro (4K),,,Smart Home & IoT,Physical,New,ريولينك أرگوس 4 برو (4K),"<p>تتميز كاميرا Reolink Argus 4 Pro بجودة الفيديو الـ4K وتقنيات الذكاء الصناعي المتقدمة.</p>

    <h2><strong>لماذا هذا المنتج؟</strong></h2>
    <ul style=""list-style-type: disc;"">
        <li>دقة في",,,0.5,18,14,10,Standard,Model Specific,,,,1039,899,,,,,,15,Yes,,,,,,Mainstream,,,,,,14
128,SH-CAM-EUFY-001,,,Eufy eufyCam 3 (4K + HomeBase 3 Kit),,,Smart Home & IoT,Physical,New,يوفي يوفيCam 3 (4K + HomeBase 3 Kit),"<p>تتميز كاميرا Eufy Cam 3 وملحقاتها بجودة الصورة الاحترافية والحماية الذكية للمنزل.</p>

    <h2><strong>لماذا هذا المنتج؟</strong></h2>
    <ul style=""list-style-type: disc;"">
        <li>دعم الفيدي",,,3.5,35,28,18,Heavy,Model Specific,,,,1649,,,,,,,15,Yes,,,,,,Mainstream,,,,,,14
129,SH-CAM-ARLO-001,,,Arlo Pro 5 2K Spotlight Camera,,,Smart Home & IoT,Physical,New,Arlo Pro 5 2K Spotlight كاميرا,"<!-- فقرة افتتاحية واحدة -->
    <p>تتميز كاميرا Arlo Pro 5 2K Spotlight بجودة الصورة الفائقة وتقنيات الأمان المتقدمة.</p>

    <!-- قسم ""لماذا هذا المنتج؟"" -->
    <strong>لماذا هذا المنتج؟</strong>
",,,0.6,20,15,10,Standard,Model Specific,,,,1549,,,,,,,15,Yes,,,,,,Mainstream,,,,,,14
130,SH-CAM-RING-001,,,Ring Indoor Cam (2nd Gen),,,Smart Home & IoT,Physical,New,캠 داخلي رينج (الجيل الثاني),"<p>تتميز كاميرا Ring Indoor Cam (2nd Gen) بجودة الصورة الواضحة والقدرة على التعرف على الحركة، مما يجعلها الخيار الأمثل لحماية منزلك.</p>

    <h3><strong>لماذا هذا المنتج؟</strong></h3>
    <ul style=",,,0.25,14,10,6,Standard,Model Specific,,,,479,,,,,,,15,Yes,,,,,,Mainstream,,,,,,14
131,SH-PLG-MERS-001,,,Meross Smart Plug Mini MSS110 (HomeKit),,,Smart Home & IoT,Physical,New,Meross قابس ذكي Mini MSS110 (HomeKit),"<p>استمتع بتحكمك الذكي في أجهزتك المنزلية مع مروس سمارت بلاغ ميني MSS110 (هومكيت).</p>

    <h2><strong>لماذا هذا المنتج؟</strong></h2>
    <ul style=""list-style-type: disc;"">
        <li>تصميم صغير و",,,0.1,10,8,5,Standard,Model Specific,,,,159,,,,,,,15,Yes,,,,,,Mainstream,,,,,,14
132,SH-PLG-TPLK-001,,,"TP-Link Tapo P125M Smart Plug (Matter, 2-pack)",,,Smart Home & IoT,Physical,New,"تي بي لينك Tapo P125M قابس ذكي (Matter, 2-pack)","<p>موصل ذكي متعدد الاستخدامات من تپلینک، يتيح لك التحكم في الأجهزة الكهربائية عن بعد.</p>

    <h3><strong>لماذا هذا المنتج؟</strong></h3>
    <ul style=""direction: rtl;"">
        <li>دعم ماثر (Matter",,,0.2,14,10,6,Standard,Model Specific,,,,149,,,,,,,15,Yes,,,,,,Mainstream,,,,,,14
133,SH-THR-ECOB-001,,,Ecobee Smart Thermostat Premium,,,Smart Home & IoT,Physical,New,thermostat الذكي المتميز إيكوببي,"<p>يقدم Ecobee Smart Thermostat Premium تجربة دفء ذكية وفعالة في إدارة درجة الحرارة.</p>

    <h2><strong>لماذا هذا المنتج؟</strong></h2>
    <ul style=""list-style-type: disc;"">
        <li>يتميز بذكا",,,0.5,20,16,8,Standard,Model Specific,,,,1549,,,,,,,15,Yes,,,,,,Mainstream,,,,,,14
134,SH-THR-NEST-001,,,Google Nest Learning Thermostat (4th Gen),,,Smart Home & IoT,Physical,New,نظام تدفئة ذكي متعلم من جوجل (4세대),"<p>تتميز أنظمة التدفئة الذكية Google Nest Learning Thermostat (4th Gen) بتقنية ذكاء اصطناعي متقدمة تتيح لك إدارة درجة الحرارة في منزلك بكل سهولة.</p>

    <h2><strong>لماذا هذا المنتج؟</strong></h2>
 ",,,0.5,18,14,8,Standard,Model Specific,,,,1699,,,,,,,15,Yes,,,,,,Mainstream,,,,,,14
135,SH-RVC-ECVX-001,,,Ecovacs Deebot X9 Pro Omni,,,Smart Home & IoT,Physical,New,إيكوفاكس Deebot X9 Pro Omni,"<p>تستعد منزلك للاستمتاع بأحدث التقنيات الذكية مع Ecovacs Deebot X9 Pro Omni، الروبوت المروни الأكثر تقدماً في تنظيف منازلنا.</p>

    <h2><strong>لماذا هذا المنتج؟</strong></h2>
    <ul style=""list-s",,,14,55,45,45,Oversized,Model Specific,,,,5699,,,,,,,15,Yes,,,,,,Mainstream,,,,,,14
136,SH-RVC-DREM-001,,,Dreame L50 Ultra,,,Smart Home & IoT,Physical,New,دريم L50 Ultra,"<p>تتميز Dreame L50 Ultra بتصميمها المبتكر وعمر البطارية الطويل، مما يجعلها الخيار الأمثل للمسافرين والمستخدمين اليوميين.</p>

    <h2><strong>لماذا هذا المنتج؟</strong></h2>
    <ul>
        <li>عمر ",,,13,55,45,45,Oversized,Model Specific,,,,4599,,,,,,,15,Yes,,,,,,Mainstream,,,,,,14
137,SH-RVC-RBRC-001,,,Roborock Qrevo CurvX,,,Smart Home & IoT,Physical,New,روبوروك Qrevo CurvX,"<!-- فقرة افتتاحية واحدة -->
    <p>روبروكوك Qrevo CurvX هو روبوت تنظيف أرضيات مبتكر يجمع بين الأداء العالي والتصميم المميز.</p>

    <!-- قسم ""لماذا هذا المنتج؟"" -->
    <h2><strong>لماذا هذا المنتج؟",,,13,55,45,45,Oversized,Model Specific,,,,4599,,,,,,,15,Yes,,,,,,Mainstream,,,,,,14
138,SH-LGT-GOVE-002,,,Govee Glide Hexagon Light Panels Ultra (10-pack),,,Smart Home & IoT,Physical,New,لوايات هексا곤 إضائة جلدي جلايد (10-قطعة),"<p>تستعرض لكم منتج Govee Glide Hexagon Light Panels Ultra (10-pack)، حل مبتكر لضياء منازلك.</p>

    <h2><strong>لماذا هذا المنتج؟</strong></h2>
    <ul style=""direction: rtl;"">
        <li>تصميم هكسa",,,2.5,45,35,12,Heavy,Model Specific,,,,1499,1299,,,,,,15,Yes,,,,,,Mainstream,,,,,,14
139,SH-LGT-GOVE-001,,,Govee RGBIC LED Strip M1 (5m),,,Smart Home & IoT,Physical,New,يفي رGBIC ليد ستريپ م1 (5م),"<p>تعد شريط الإضاءة LED Govee RGBIC M1 (5m) الخيار الأمثل للمنزل والديكورات الداخلية، حيث تتميز بألوانها المتنوعة وسهولة التحكم.</p>

<strong>لماذا هذا المنتج؟</strong>
<ul style=""list-style-type: dis",,,0.4,30,8,5,Standard,Model Specific,,,,459,399,,,,,,15,Yes,,,,,,Mainstream,,,,,,14
140,SH-LGT-LIFX-001,,,LIFX Color A19 1100lm Bulb,,,Smart Home & IoT,Physical,New,ليفك كولور أ19 1100lm بولب,"<p>لمحة عن LIFX Color A19 1100lm Bulb: إنها ضوء متعدد الاستخدامات الذي يجمع بين الجمال والكفاءة في واحدة من الحلول الإضاءة الذكية.</p>
<ul>
    <li><strong>التحكم الذكي:</strong> يمكن التحكم في لون وس",,,0.2,14,10,10,Standard,Model Specific,,,,329,279,,,,,,15,Yes,,,,,,Mainstream,,,,,,14
141,SH-LGT-PHUE-002,,,Philips Hue Gradient Lightstrip (2m),,,Smart Home & IoT,Physical,New,ليدز Gradientsية من فิلسبي (2m),"<p>تتميز شريط الإضاءة Philips Hue Gradient بتصميمها الفريد وتقنياتها المتقدمة، مما يجعلها الخيار الأمثل لمنزلك.</p>

    <h3><strong>لماذا هذا المنتج؟</strong></h3>
    <ul style=""direction: rtl;"">
  ",,,0.5,35,10,8,Standard,Model Specific,,,,1149,,,,,,,15,Yes,,,,,,Mainstream,,,,,,14
142,SH-LGT-PHUE-001,,,Philips Hue Starter Kit (3x A19 + Bridge),,,Smart Home & IoT,Physical,New,كit البدأية فيلips هو (3x A19 + بريج),"<p>تستعد منزلك لعالم الذكاء الاصطناعي مع مزيج فريد من الإضاءة Philips Hue.</p>

    <h2><strong>لماذا هذا المنتج؟</strong></h2>
    <ul style=""list-style-type: disc;"">
        <li>التحكم عن بعد باستخد",,,0.8,25,20,14,Standard,Model Specific,,,,899,,,,,,,15,Yes,,,,,,Mainstream,,,,,,14
143,SH-LCK-AUGS-001,,,August Wi-Fi Smart Lock (4th Gen),,,Smart Home & IoT,Physical,New,august Wi-Fi ذكي قفل الجيل الرابع,"<p>موكل ذكي August Wi-Fi Smart Lock (4th Gen) هو حل أمني مبتكر يتيح لك التحكم في باب منزلك عن بعد.</p>

    <strong>لماذا هذا المنتج؟</strong>
    <ul style=""direction: rtl;"">
        <li>التحكم عن بع",,,0.7,22,16,10,Standard,Model Specific,,,,1499,1299,,,,,,15,Yes,,,,,,Mainstream,,,,,,14
144,SH-LCK-AQRA-001,,,Aqara Smart Lock U200,,,Smart Home & IoT,Physical,New,آلة التحكم الذكي أقارة U200,"<p>موصل ذكي مصمم للتحكم في الأبواب بسهولة ودقة، يوفر أمانًا عاليًا لمنزلك.</p>
    
    <h3><strong>لماذا هذا المنتج؟</strong></h3>
    <ul style=""list-style-type: disc;"">
        <li>يتميز بميزات الأ",,,1.5,28,20,12,Standard,Model Specific,,,,1439,1249,,,,,,15,Yes,,,,,,Mainstream,,,,,,14
145,SH-LCK-YALE-001,,,Yale Assure Lock 2 Wi-Fi,,,Smart Home & IoT,Physical,New,قفل يالى تأكد 2 ويفي,"<p>يقدم Yale Assure Lock 2 Wi-Fi حلًا آمنًا وعالي التقنية لحماية باب منزلك.</p>

    <h3><strong>لماذا هذا المنتج؟</strong></h3>
    <ul style=""list-style-type: disc; margin-left: 20px;"">
        <li>",,,1.5,28,20,12,Standard,Model Specific,,,,1549,,,,,,,15,Yes,,,,,,Mainstream,,,,,,14
146,SH-DSP-GGLE-001,,,Google Nest Hub (2nd Gen),,,Smart Home & IoT,Physical,New,Google نست هاب (2nd Gen),"<p>يتميز جوجل نست هاب الثاني بتصميمه المبتكر وواجهته البسيطة التي تجعل التحكم في المنزل أكثر سهولة.</p>

    <h3><strong>لماذا هذا المنتج؟</strong></h3>
    <ul>
        <li>شاشة عرض عالية الدقة (10.1",,,0.8,25,20,12,Standard,Model Specific,,,,699,,,,,,,15,Yes,,,,,,Mainstream,,,,,,14
147,SH-DSP-AMZN-001,,,Amazon Echo Show 8 (3rd Gen),,,Smart Home & IoT,Physical,New,أمازون إيكو شو 8 (الجيل الثالث),"<p>إنه جهاز ذكي متعدد الاستخدامات يجمع بين الصوت الرائع والشاشة اللمسية في تصميم أنيق.</p>

    <h2><strong>لماذا هذا المنتج؟</strong></h2>
    <ul style=""list-style-type: disc; margin-left: 20px;"">
 ",,,1,28,22,14,Standard,Model Specific,,,,999,,,,,,,15,Yes,,,,,,Mainstream,,,,,,14
148,SH-SPK-AMZN-002,,,Amazon Echo Dot (5th Gen),,,Smart Home & IoT,Physical,New,إيكو دوت (الجيل الخامس),"<p>أطلق على نفسك تجربة الذكاء الصناعي في المنزل مع Amazon Echo Dot (5th Gen)، جهاز صوت ذكي يجمع بين التكنولوجيا المتقدمة والتصميم المبتكر.</p>

    <h2><strong>لماذا هذا المنتج؟</strong></h2>
    <ul ",,,0.35,14,14,12,Standard,Model Specific,,,,459,399,,,,,,15,Yes,,,,,,Mainstream,,,,,,14
149,SH-SPK-GGLE-001,,,Google Nest Audio,,,Smart Home & IoT,Physical,New,نست أوديو,"<!-- فقرة افتتاحية واحدة -->
    <p>يقدم جوجل ناست أوديو تجربة صوتية مذهلة مع تصميم بسيط وعالي الجودة.</p>

    <!-- قسم ""لماذا هذا المنتج؟"" -->
    <h2><strong>لماذا هذا المنتج؟</strong></h2>
    <ul",,,1.2,22,18,14,Standard,Model Specific,,,,809,699,,,,,,15,Yes,,,,,,Mainstream,,,,,,14
150,SH-SPK-APPL-001,,,Apple HomePod Mini,,,Smart Home & IoT,Physical,New,آبل HomePod Mini,"<!-- فقرة افتتاحية واحدة -->
    <p>إنه جهاز صوت مدمج يجمع بين التصميم المبتكر والجودة الصوتية العالية في حجم صغير.</p>

    <!-- قسم ""لماذا هذا المنتج؟"" -->
    <section>
        <h2><strong>لماذا هذ",,,0.4,12,12,12,Standard,Model Specific,,,,699,,,,,,,15,Yes,,,,,,Mainstream,,,,,,14
151,SH-SPK-AMZN-001,,,Amazon Echo (4th Gen),,,Smart Home & IoT,Physical,New,أمازون إيكو (الجيل الرابع),"<p>أعلمني بأحدث الأخبار والتوقعات الجوية وقم بتشغيل الموسيقى مباشرة من صوتك مع جهاز Amazon EchoFourth Generation.</p>

    <h2><strong>لماذا هذا المنتج؟</strong></h2>
    <ul>
        <li>شاشة عرض 5.5",,,1,20,18,18,Standard,Model Specific,,,,699,,,,,,,15,Yes,,,,,,Mainstream,,,,,,14
152,NG-SEC-007,,,Eufy Video Doorbell S330 - Dual Camera Smart Doorbell (2K + Package Cam),,,Security & Surveillance,Physical,New,يوفي Video جرس باب S330 - Dual كاميرا Smart جرس باب (2K + Package Cam),"<div>
    <p>إذا كنت ترغب في رؤية كل ما يحدث عند باب منزلك، سواء كان ذلك الوجه الزائر أو حقيبته، فهذا هو الحل الأمثل.</p>

    <strong>لماذا هذا المنتج؟</strong>
    <ul>
        <li>الكاميرا المزدوجة",,,1,25,18,12,Standard,Model Specific,,,,1449,,,,,,,15,Yes,,,,,,Mainstream,,,,,,14
153,NG-SEC-006,,,Ajax Hub 2 Plus - Professional Wireless Smart Alarm System,,,Security & Surveillance,Physical,New,محرك أ贾克斯 2 بلس - نظام إنذار ذكي sans線路無線專業版,"<p>نظام إنذار ذكي متقدم لحماية ما يهمك.</p>
<ul>
    <li><strong>200 جهاز:</strong> اتصل بالمراقبات الحركية، نقاط الاتصال باب، أجهزة الكشف عن الدخان، وأجهزة كشف تسرب المياه.</li>
    <li><strong>ثلاثة",,,0.8,22,16,8,Standard,Model Specific,,,,2499,,,,,,,15,Yes,,,,,,Mainstream,,,,,,14
154,NG-SEC-005,,,Reolink 16-Channel PoE NVR (RLN16-410) - 4K Network Video Recorder,,,Security & Surveillance,Physical,New,ريولينك 16-قناة مراقبة شبكيه PoE (RLN16-410) - سجل صوتية الشبكة بدقة 4K,"<p>مركز تحكم شامل في المراقبة لمنزلك أو عملك.</p>
<ul>
    <li><strong>16 قناة PoE:</strong> اربط 16 كاميرا مباشرة باستخدام كابل إيثرنت واحد لكل كاميرا.</li>
    <li><strong>حد أقصى دقة 12MP:</strong>",,,3.5,40,32,10,Heavy,Model Specific,,,,1599,,,,,,,15,Yes,,,,,,Mainstream,,,,,,14
155,NG-SEC-004,,,Ubiquiti UniFi Protect G4 Doorbell Pro - 5MP Smart Doorbell with Fingerprint Reader,,,Security & Surveillance,Physical,New,يوبيكويتي UniFi Protect G4 جرس باب Pro - 5MP Smart جرس باب with Fingerprint Reader,"<p>العندل الذكي الأكثر تقدماً في العالم.</p>

    <strong>لماذا هذا المنتج؟</strong>
    <ul>
        <li><span>5MP كاميرا:</span> منظور واسع يغطي الباب والمنطقة المحيطة بتفاصيل عالية.</li>
        <l",,,0.8,22,16,10,Standard,Model Specific,,,,3140,,,,,,,15,Yes,2511,629,25,https://www.amazon.sa/-/en/Ubiquiti-UniFi-Protect-Doorbell-UVC-G4-DoorBell-Pro/dp/B0BH3XVGK1/ref=sr_1_1,2026-04-29,Mainstream,,,,,,14
156,NG-SEC-003,,,Hikvision DS-2CD2143G2-I - 4MP AcuSense Dome Camera,,,Security & Surveillance,Physical,New,هيكسيونس دس-2cd2143ج2-إي - كاميرا قبة حادة الأدراك 4 ميجابكسل,"<p>هيكفينسون DS-2CD2143G2-I، أحدث إصدار من كاميرات المراقبة الذكية التي تجمع بين الجودة والذكاء الاصطناعي.</p>

    <strong>لماذا هذا المنتج؟</strong>
    <ul>
        <li>تقنية AcuSense: خوارزمية الت",,,0.5,15,12,10,Standard,Model Specific,,,,749,,,,,,,15,Yes,,,,,,Mainstream,,,,,,14
157,NG-SEC-002,,,Reolink Argus 4 Pro - Solar-Powered Wireless 4K Security Camera,,,Security & Surveillance,Physical,New,Reolink Argus 4 Pro - Solar-Powered لاسلكي 4K Security كاميرا,"<p>surveillance بدون كابلات، بدون فواتير الكهرباء، بدون حدود.</p>
<ul>
    <li><strong>مدعوم بالطاقة الشمسية:</strong> لوحة شمسية مدمجة تضمن الشحن الدائم للبطارية.</li>
    <li><strong>4K كاميرا:</str",,,0.5,18,14,10,Standard,Model Specific,,,,1199,,,,,,,15,Yes,,,,,,Mainstream,,,,,,14
158,NG-SEC-001,,,Reolink RLC-810A - 4K PoE AI Security Camera,,,Security & Surveillance,Physical,New,كاميرا أمان ذكية متصلة بالطاقة عبر الشبكة Reolink RLC-810A - 4K,"<p>-surveillance لا تعرف حدودها مع كاميرا Reolink RLC-810A.</p>
<ul>
    <li><strong>لماذا هذا المنتج؟</strong></li>
    <ul>
        <li>True 4K: يوفر 3840×2160 بكسلًا للتفاصيل الواضحة حتى مع التكبير",,,0.6,18,14,10,Standard,Model Specific,,,,549,,,,,,,15,Yes,,,,,,Mainstream,,,,,,14
159,NG-DRN-008,,,DJI Pocket 3 - Pocket-Sized Gimbal Camera with 1-Inch Sensor,,,Drones & Robotics,Physical,New,دي جي آي Pocket 3 - Pocket-Sized Gimbal كاميرا with 1-Inch Sensor,"<p>استوديو تصوير كاميرا صغيرة في جيبك.</p>
<ul>
    <li><strong>1-Inch Sensor:</strong> أداء ضوئي رائع في الظلام مع عمق حقل طبيعي.</li>
    <li><strong>3-Axis Gimbal:</strong> استقرار ميكانيكي حقيقي ل",,,0.5,22,15,10,Standard,Model Specific,,,,3449,2999,,,,,,15,Yes,,,,,,Mainstream,,,,,,14
160,NG-DRN-007,,,"Roborock S8 MaxV Ultra - Smart Robot Vacuum with 10,000Pa Suction",,,Smart Home & IoT,Physical,New,"روبوروك S8 MaxV Ultra - Smart روبوت تنظيف with 10,000Pa Suction","<p>روبوت تنظيف المنزل الذكي Roborock S8 MaxV Ultra، قوة شفط تصل إلى 10,000Pa يضمن لك نظافة منزلك بأتمتة.</p>

<ul>
    <li><strong>قوة الشفط القوية:</strong> مع 10,000Pa، يقوم بتنظيف البلاطات والنباء ",,,14,55,45,45,Oversized,Model Specific,,,,8859,7699,,,,,,15,Yes,,,,,,Mainstream,,,,,,14
161,NG-DRN-006,,,FIMI X8 Mini V2 - 4K Drone at 245g with Competitive Pricing,,,Drones & Robotics,Physical,New,FIMI X8 Mini V2 - كاميرا 4K موزع بوزن 245 جرام مع أسعار تنافسية,"<p>يقدم لك FIMI X8 Mini V2 مواصفات مذهلة بسعر تنافسي يقل عن أغلب المنافسين.</p>

    <strong>لماذا هذا المنتج؟</strong>
    <ul>
        <li><span>245g:</span> تحت الحد الأقصى البالغ 249g، لا تحتاج إل",,,1.5,30,22,12,Standard,Model Specific,,,,2399,,,,,,,15,Yes,,,,,,Mainstream,,,,,,14
162,NG-DRN-005,,,Insta360 X4 - 8K 360-Degree Camera,,,Drones & Robotics,Physical,New,إنستا 360 X4 - 8K 360-Degree كاميرا,"<p>التقط كل شيء، ثم اختار الزاوية المثلى لاحقًا.</p>
<ul>
    <li><strong>لماذا هذا المنتج؟</strong></li>
    <li>8K/30fps في 360°: أعلى دقة متاحة في كاميرا 360 درجة للجمهور.</li>
    <li>الاسترجاع ال",,,0.6,22,14,10,Standard,Model Specific,,,,3499,,,,,,,15,Yes,,,,,,Mainstream,,,,,,14
163,NG-DRN-004,,,DJI RS 4 - 3-Axis Gimbal Stabilizer for Professional Cameras,,,Drones & Robotics,Physical,New,دي جي آي RS 4 - 3-Axis Gimbal Stabilizer for Professional كاميراs,"<p>استقرئ استقرارًا فائقًا مع DJI RS 4 - مستقيم ثلاثي المحاور للكاميرات المهنية.</p>
<ul>
    <li><strong>3kg Payload:</strong> يدعم كاميرات مثل Sony A7IV و Canon R6 II مع عدسات كبيرة.</li>
    <li><s",,,2.5,42,22,12,Heavy,Model Specific,,,,3099,,,,,,,15,Yes,,,,,,Mainstream,,,,,,14
164,NG-DRN-003,,,DJI Osmo Action 5 Pro - 4K/120fps Waterproof Action Camera,,,Drones & Robotics,Physical,New,دي جي آي Osmo Action 5 Pro - 4K/120fps Waterproof كاميرا أكشن,"<p>الكاميرا التي لا تتوقف، تحت أي ظروف.</p>
<ul>
    <li><strong>4K/120fps:</strong> تسجيل بطيء الحركة في جودة 4K الكاملة.</li>
    <li><strong>1/1.3"" سينسور:</strong> أداء ضوئي مدهش في الظلام الدامس.",,,0.5,18,12,8,Standard,Model Specific,,,,2499,,,,,,,15,Yes,,,,,,Mainstream,,,,,,14
165,NG-DRN-002,,,DJI Avata 2 - Immersive FPV Drone with Goggles,,,Drones & Robotics,Physical,New,دي جي آي Avata 2 - Immersive FPV درون with Goggles,"<p>استمتع بتجربة الطيران الأولى من نوعها مع DJI Avata 2 - أول طائرة بدون طيار يرتد فيها القارئ قناعًا لرؤية مباشرة.</p>

<ul>
    <li><strong>قناع الرؤية المباشرة:</strong> عرض ميكرو-OLED 1080p للرؤية",,,3.5,40,32,18,Heavy,Model Specific,,,,4099,,,,,,,15,Yes,,,,,,Mainstream,,,,,,14
166,NG-DRN-001,,,DJI Mini 4 Pro - Sub-249g Drone with 4K/60fps Camera,,,Drones & Robotics,Physical,New,دي جي آي Mini 4 Pro - Sub-249g درون with 4K/60fps كاميرا,"درونز DJI Mini 4 Pro


    <p>درونز تصويري يناسب حجم قبضة اليد.</p>

    <strong>لماذا هذا المنتج؟</strong>
    <ul style=""list-style-type: disc;"">
        <li><span>وزنه أقل من 249 جرام:</span> معفٍ ",,,1.5,32,25,12,Standard,Model Specific,,,,7019,6099,,,,,,15,Yes,,,,,,Mainstream,,,,,,14
167,NG-CBL-008,,,HDMI 2.1 8K Fiber Optic Cable (10m) - Zero Signal Loss,,,Cables & Adapters,Physical,New,كابل ألياف ضوئية HDMI 2.1 8K (10م) - بدون فقدان إشارة,"<p>هذا الكابل الرقمي الألياف الضوئية HDMI 2.1 8K (10m) يوفر تجربة بصرية فائقة مع خسارة صوتية و visuals مثالية.</p>

<ul>
    <li><strong>10 أمتار، بدون خسارة:</strong> يضمن الألياف الضوئية نقل الإشارة",,,0.4,32,8,5,Standard,Model Specific,,,,359,,,,,,,15,Yes,,,,,,Mainstream,,,,,,14
168,NG-CBL-007,,,DAC SFP+ 10G Direct Attach Cable (3m) - Direct Switch-to-Switch Connection,,,Cables & Adapters,Physical,New,DAC SFP+ 10G Direct Attach كابل (3m) - Direct سويتش-to-سويتش Connection,"<p>تربط أجهزة الشبكة بسرعة 10 غيجابت بأقل تكلفة.</p>
<ul>
    <li><strong>لماذا هذا المنتج؟</strong></li>
    <li>السرعة الكاملة لـ 10 جيجابايت في الكابل المعدني المباشر.</li>
    <li>حد الأدنى من الت",,,0.2,22,8,4,Standard,Model Specific,,,,229,,,,,,,15,Yes,,,,,,Mainstream,,,,,,14
169,NG-CBL-006,,,Ugreen 5-in-1 USB-C Dock - HDMI 4K + Ethernet + USB 3.0,,,Cables & Adapters,Physical,New,docking坞 端口 5-in-1 عبر USB-C - HDMI 4K + إثارة الشبكة العنكبوتية + USB 3.0,"<p>جهاز Ugreen 5-in-1 USB-C Dock يجمع خمسة منافذ ضرورية في جهاز صغير حجم أظافر الإصبع.</p>

<ul>
    <li><strong>لماذا هذا المنتج؟</strong></li>
    <ul>
        <li>HDMI 4K@60Hz: عرض كامل بسرعة ت鲜度高达",,,0.2,16,10,4,Standard,Model Specific,,,,289,249,,,,,,15,Yes,,,,,,Mainstream,,,,,,14
170,NG-CBL-005,,,Baseus USB-C 100W Charging Cable (2m) - Fast Charge for Laptops and Phones,,,Cables & Adapters,Physical,New,كابل الشحن USB-C 100W (2م) - شحن سريع للكمبيوترات المحمولة والأجهزة المحمولة,"<p>تجمع سلك الشحن USB-C 100W من Baseus كل ما تحتاجه لشحن جهازك بسرعة.</p>

<ul>
    <li><strong>لماذا هذا المنتج؟</strong></li>
    <li>يوفر تيار شحن قوي يصل إلى 100W، مما يسمح بشحن سريعة لأجهزة الكمب",,,0.1,22,6,3,Standard,Model Specific,,,,109,,,,,,,15,Yes,,,,,,Mainstream,,,,,,14
171,NG-CBL-004,,,Ugreen Cat 8 Ethernet Cable (5m) - 40Gbps Network Cable,,,Cables & Adapters,Physical,New,Ugreen Cat 8 Ethernet كابل (5m) - 40Gbps Network كابل,"<p>تستحق شبكة منزلك سرعات تتناسب مع أجهزتك.</p>
<ul>
    <li><strong>40Gbps / 2000MHz:</strong> يدعم شبكات 10GbE، 25GbE و 40GbE.</li>
    <li><strong>S/FTP Shielding:</strong> حماية مزدوجة (箔 + 编织) تم",,,0.2,22,8,4,Standard,Model Specific,,,,149,,,,,,,15,Yes,,,,,,Mainstream,,,,,,14
172,NG-CBL-003,,,Cable Matters Thunderbolt 4 Cable (2m) - 40Gbps with 100W Charging,,,Cables & Adapters,Physical,New,كيبل ماترز Thunderbolt 4 كابل (2m) - 40Gbps with 100W Charging,"<p>تجمع كابل <span>Cable Matters Thunderbolt 4</span> كل الوظائف في كابل واحد: نقل البيانات، البث الفيديو، وشحن الطاقة.</p>

<ul>
    <li><strong>40Gbps:</strong>&nbsp;نقل بيانات سريع لاستوديوهات التو",,,0.15,22,6,3,Standard,Model Specific,,,,419,,,,,,,15,Yes,,,,,,Mainstream,,,,,,14
173,NG-CBL-002,,,Anker USB-C Hub 7-in-1 - Multi-Port Adapter for Laptops,,,Cables & Adapters,Physical,New,انكر USB-C Hub 7-in-1 - Multi-Port محول for Laptops,"<p>احول منفذ USB-C واحد على لاب توبك إلى سبع نقاط اتصال.</p>

<ul>
    <li><strong>لماذا هذا المنتج؟</strong></li>
    <li>HDMI 4K@30Hz: يمكّنك من عرض الصورة بجودة 4K على شاشة خارجية أو معدات العرض.</",,,0.2,16,10,4,Standard,Model Specific,,,,349,,,,,,,15,Yes,,,,,,Mainstream,,,,,,14
174,NG-CBL-001,,,Ugreen USB-C to HDMI 2.1 Cable (2m) - 8K@60Hz Output,,,Cables & Adapters,Physical,New,كابل Ugreen USB-C إلى HDMI 2.1 (2م) - إخراج بجودة 8K@60Гц,"<p>تُظهر شاشتك على أضخم الخشبات بجودة تفاصيل عالية.</p>
<ul>
    <li><strong>لماذا هذا المنتج؟</strong></li>
    <li>دعم الـ HDMI 2.1 لعرض 8K@60Hz و4K@120Hz للتجربة البصرية الفاخرة.</li>
    <li>السرع",,,0.15,22,6,3,Standard,Model Specific,,,,219,,,,,,,15,Yes,,,,,,Mainstream,,,,,,14
175,NG-3DP-008,,,Phrozen Sonic Mini 8K S - 22-Micron Pixel Resin 3D Printer,,,3D Printing & CNC,Physical,New,فروزن Sonic Mini 8K S - 22-Micron Pixel Resin طابعة ثلاثية الأبعاد,"<p>صغير الحجم، غير محدود في الدقة.</p>
<ul>
    <li><strong>لماذا هذا المنتج؟</strong></li>
    <li>8K رésolution: شاشة عرض 7,500 × 3,240 لتفاصيل سطحية ultra-smooth.</li>
    <li>22-micron Pixels: من ",,,7,40,35,45,Oversized,Model Specific,,,,2899,,,,,,,15,Yes,,,,,,Mainstream,,,,,,14
176,NG-3DP-007,,,Creality Sonic Pad - Klipper Tablet to Supercharge Your 3D Printer,,,3D Printing & CNC,Physical,New,كريالتي Sonic Pad - Klipper Tablet to Supercharge Your طابعة ثلاثية الأبعاد,"<p>تُحول كرياليتي سونيك باد طابعتك القديمة إلى آلة طباعة فائقة السرعة باستخدام برنامج كليكر.</p>

    <strong>لماذا هذا المنتج؟</strong>
    <ul>
        <li><span>كليكر فورموير:</span> يُقلل من العمل",,,0.8,25,20,8,Standard,Model Specific,,,,1049,,,,,,,15,Yes,,,,,,Mainstream,,,,,,14
177,NG-3DP-006,,,BIQU H2 V2S Direct Drive Extruder - Lightweight Upgrade for Your 3D Printer,,,3D Printing & CNC,Physical,New,BIQU H2 V2S Direct Drive Extruder - Lightweight Upgrade for Your طابعة ثلاثية الأبعاد,"<p>تستحق طابعتك القديمة الحصول على قلب جديد.</p>

    <strong>لماذا هذا المنتج؟</strong>
    <ul style=""direction: rtl;"">
        <li>**مثالي للوزن الخفيف:** يزن 217 غرام فقط، مما يجعله مناسباً لطابعا",,,0.3,14,10,8,Standard,Model Specific,,,,540,,,,,,,15,Yes,430,110,25.6,https://www.amazon.sa/-/en/ZILOU-direct-extruder-Printer-Extruder/dp/B0C4YQ7S8V/ref=sr_1_2,2026-04-29,Mainstream,,,,,,14
178,NG-3DP-005,,,Elegoo Saturn 3 Ultra - 12K Resin 3D Printer with 10-inch Screen,,,3D Printing & CNC,Physical,New,إيليجو Saturn 3 Ultra - 12K Resin طابعة ثلاثية الأبعاد with 10-inch Screen,"<p>مع إلكوو ساترن 3 ألترا، تحقق من دقة تبلغ 12K على منطقة بناء كبيرة.</p>

    <h2><strong>لماذا هذا المنتج؟</strong></h2>
    <ul style=""direction: ltr;"">
        <li>دقة 12K: مع 11,520 × 5,120 بكسلً",,,12,50,45,55,Oversized,Model Specific,,,,3499,,,,,,,15,Yes,,,,,,Mainstream,,,,,,14
179,NG-3DP-004,,,eSUN PLA+ Filament 10-Color Pack - 10kg Total for 3D Printing,,,3D Printing & CNC,Physical,New,ملف eSUN PLA+ 10 ألوان - 10 كجم مجموعًا للطباعة ثلاثية الأبعاد,"<p>تستحق كل مشروع لونه الخاص. ابدأ مع عشرة ألوان في آن واحد.</p>
<ul>
    <li><strong>10 ألوان متنوعة:</strong> أسود، أبيض، رمادي، أحمر، أزرق، vert، كريمي، أصفر، م่วه، ووردي.</li>
    <li><strong>PLA+",,,11,45,35,35,Oversized,Model Specific,,,,1299,,,,,,,15,Yes,,,,,,Mainstream,,,,,,14
180,NG-3DP-003,,,Creality K1 Max - Large Format 3D Printer at 600mm/s,,,3D Printing & CNC,Physical,New,كريالتي K1 Max - Large Format طابعة ثلاثية الأبعاد at 600mm/s,"<p>مشاريع كبيرة تحتاج طابعة تتناسب مع طموحك.</p>

    <strong>لماذا هذا المنتج؟</strong>
    <ul>
        <li><span>حجم بناء ضخم:</span> 300×300×300 مم - أكبر بنسبة 60% من معظم الطابعات السريعة.</li>
",,,16,55,50,55,Oversized,Model Specific,,,,3380,,,,,,,15,Yes,2699,681,25.2,https://www.amazon.sa/-/en/Creality-All-Metal-Extruder-Leveling-Filaments/dp/B0DND3CJQV/ref=sr_1_2,2026-04-29,Mainstream,,,,,,14
181,NG-3DP-002,,,Bambu Lab AMS - Automatic Material System for Multi-Color 3D Printing,,,3D Printing & CNC,Physical,New,نظام بامبو لاب آم تلقائي لطباعة ثلاثية الأبعاد متعددة الألوان,"<p>إطلق خيالك بأربعة ألوان في طباعة واحدة.</p>
<ul>
    <li><strong>4 ألوان/مواد:</strong> طبّق التصاميم المتعددة الألوان أو ادمج مواد مختلفة (مثل: PLA + TPU).</li>
    <li><strong>تبديل تلقائي:</stro",,,2.5,35,25,20,Heavy,Model Specific,,,,1250,,,,,,,15,Yes,996,254,25.5,https://www.amazon.sa/-/en/AMS-Heater-Bambu-Lab/dp/B0FNDFPJH7/ref=sr_1_1,2026-04-29,Mainstream,,,,,,14
182,NG-3DP-001,,,Bambu Lab P1S 3D Printer - Blazing Speed and Pro Quality in an Enclosed Design,,,3D Printing & CNC,Physical,New,بامبو لاب P1S طابعة ثلاثية الأبعاد - Blazing Speed and Pro Quality in an Enclosed Design,"<p>بفضل بامبو لاب بي1س، أصبحت السرعة والجودة متاحة في آلة واحدة.</p>

    <strong>لماذا هذا المنتج؟</strong>
    <ul>
        <li><span>500mm/s سرعة:</span> تسارع يصل إلى 20,000mm/s² يكمل الطباعة في د",,,14,55,48,55,Oversized,Model Specific,,,,5099,,,,,,,15,Yes,,,,,,Mainstream,,,,,,14
183,NG-ACC-010,,,WD Red Plus 8TB NAS Hard Drive - Built for Always-On NAS Systems,,,Hardware,Physical,New,Dysks صناعي WD Red Plus 8TB ل sistemasNAS مستقرة على الدوام,"<p>جهاز الـ <strong>NAS</strong> الخاص بك يستحق القرص الثابت المخصص له.</p>
<ul>
    <li><strong>تقنية CMR:</strong> تسهم في أداء الكتابة المستمر والموحد.</li>
    <li><strong>NASware 3.0:</strong> مت",,,0.8,18,14,5,Standard,Model Specific,,,,1449,,,,,,,15,Yes,,,,,,Mainstream,,,,,,14
184,NG-ACC-009,,,Ugreen Nexode 100W GaN Charger - 4-Port Gallium Nitride Fast Charger,,,Accessories & Lifestyle,Physical,New,ع格林 نيكود 100وات ششرager رباعي المنافذ,"<p>عندما تحتاج إلى شحن عدة أجهزة في وقت واحد، هذا الشاحن هو الحل الأمثل.</p>

<ul>
    <li><strong>100W Output:</strong> كافية لشحن MacBook Pro 16"" بسرعة.</li>
    <li><strong>4 Ports:</strong> 3x USB",,,0.3,14,10,6,Standard,Model Specific,,,,439,,,,,,,15,Yes,,,,,,Mainstream,,,,,,14
185,NG-ACC-008,,,CalDigit TS4 Thunderbolt 4 Dock - 18-Port Professional Docking Station,,,Accessories & Lifestyle,Physical,New,كال ديجيت TS4 Thunderbolt 4 دوك - 18-Port Professional دوكing Station,"<p>تجمع كابل واحد كل أدواتك الرقمية في مكان واحد.</p>

    <strong>لماذا هذا المنتج؟</strong>
    <ul style=""list-style-type: disc; margin-left: 20px;"">
        <li><span>عدد المنافذ 18:</span> 3 من T",,,0.9,25,18,10,Standard,Model Specific,,,,2170,,,,,,,15,Yes,1730,440,25.4,https://www.amazon.sa/-/en/CalDigit-TS4-Thunderbolt-Dock-USB/dp/B09GK8LBWS,2026-04-29,Mainstream,,,,,,14
186,NG-ACC-007,,,Anker PowerConf S330 USB Speakerphone - Smart Noise-Canceling Conference Speaker,,,Accessories & Lifestyle,Physical,New,anker powerconf s330 سماعات مؤتمر ذكية مع إلغاء الضوضاء,"<p>يمكنك تحسين جودة الصوت في اجتماعاتك بدلاً من استخدام سماعات الكمبيوتر المدمجة.</p>
<ul>
    <li><strong>الميكروفون الذكي:</strong> التقاط الصوت بزاوية 360 درجة مع تقنية VoiceRadar لتعقب الصوت.</li>",,,0.4,18,14,6,Standard,Model Specific,,,,599,,,,,,,15,Yes,,,,,,Mainstream,,,,,,14
187,NG-ACC-006,,,"Samsung T7 Shield 2TB Portable SSD - Rugged, Fast, and Secure",,,Hardware,Physical,New,سامسونج ت7 شيلد 2 تيبيه جيجابايت جيجابايت قابل للتنقل - متين، سريع، وآمن,"<p>تستحق بياناتك الحساسة الحماية القوية والغير متنازل عنها.</p>
<ul>
    <li><strong>سرعة فائقة:</strong> يتيح لك نقل تيرابايت في أقل من 20 دقيقة عبر USB 3.2 Gen 2.</li>
    <li><strong>مقاوم للغبار و",,,0.15,14,10,3,Standard,Model Specific,,,,1299,,,,,,,15,Yes,,,,,,Mainstream,,,,,,14
188,NG-MKR-010,,,Elegoo Mars 4 Ultra Resin 3D Printer - 9K Resolution for Stunning Detail,,,Enthusiasts & Gamers,Physical,New,إيليجو Mars 4 Ultra Resin طابعة ثلاثية الأبعاد - 9K Resolution for Stunning Detail,"<p>يتميز طابعة Elegoo Mars 4 Ultra بتفاصيل دقيقة لا تضاهى، مما يجعلها الخيار الأمثل لصنع القطع الصغيرة والتصاميم المعقدة.</p>

<ul>
    <li><strong>9K حلولول:</strong> شاشة بدقة 8520 × 4320 لدقة متناه",,,7,38,35,42,Oversized,Model Specific,,,,2399,,,,,,,15,Yes,,,,,,Mainstream,,,,,,14
189,NG-MKR-009,,,ESP32-S3 DevKit 10-Pack - Wi-Fi + Bluetooth 5 Microcontroller for Smart Projects,,,Hardware,Physical,New,طقم تطوير ESP32-S3 10 وحدة - ميكروكوントرولر ذكي مع Wi-Fi و Bluetooth 5,"<p>اكتشف قوة التكنولوجيا مع حزمة ESP32-S3 DevKit 10-Pack من NeoGen، مثالية لمشاريع الذكاء الصناعي.</p>

<ul>
    <li><strong>السبب الأول:</strong> المعالج المزدوج النق Xtensa LX7 بسرعة تصل إلى 240 MHz",,,0.3,18,12,6,Standard,Model Specific,,,,809,699,,,,,,15,Yes,,,,,,Mainstream,,,,,,14
190,NG-MKR-008,,,Creality Ender-3 V3 SE - The Best Entry-Level 3D Printer,,,Enthusiasts & Gamers,Physical,New,كريالتي Ender-3 V3 SE - The Best Entry-Level طابعة ثلاثية الأبعاد,"<p>انضم إلى عالم الطباعة ثلاثية الأبعاد بثقة وسهولة باستخدام <strong>Creality Ender-3 V3 SE</strong>.</p>

<ul>
    <li><strong>سرعة 250mm/s:</strong> طباعة سريعة مدعومة بالمحرّك المباشر الجديد ""Sprit",,,10,55,48,30,Oversized,Model Specific,,,,1250,,,,,,,15,Yes,1000,250,25,https://www.amazon.sa/-/en/Creality-Printer-Printing-Printers-Auto-Load/dp/B0CYHHFH79/ref=sr_1_6,2026-04-29,Mainstream,,,,,,14
191,NG-MKR-007,,,Prusa Mini+ 3D Printer - Professional Precision in a Compact Package,,,Enthusiasts & Gamers,Physical,New,Prusa Mini+ طابعة ثلاثية الأبعاد - Professional Precision in a Compact Package,"<p>لا تحتاج إلى آلة كبيرة لاستخراج طابعات 3D محترفة.</p>
<ul>
    <li><strong>التفاصيل الفائقة:</strong> طبقات منخفضة من 0.05mm لإنتاج طباعة مذهلة بالتفاصيل.</li>
    <li><strong> leveling تلقائي للسط",,,6.5,42,38,38,Oversized,Model Specific,,,,3799,3299,,,,,,15,Yes,,,,,,Mainstream,,,,,,14
192,NG-MKR-006,,,Arduino Mega 2560 Rev3 - The Ultimate Microcontroller Board for Advanced Projects,,,Hardware,Physical,New,arduino mega 2560 rev3 - لوحة ميكروكونترولر فائقة للمشاريع المتقدمة,"<div>
    <p>إذا كنت قد نضجت من استخدام Arduino Uno وتحتاج إلى لوحة ميكروكونترولر قوية تتميز بمزيد من الأبواب الرقمية والمدخلات المعلمة، فهنا هو الحل الأمثل: Arduino Mega 2560 Rev3.</p>
    <strong>لم",,,0.15,14,10,4,Standard,Model Specific,,,,549,,,,,,,15,Yes,,,,,,Mainstream,,,,,,14
205,NG-NET-012,,,Ubiquiti UniFi Cloud Gateway Ultra - All-in-One UniFi Gateway,,,Networking,Physical,New,غوايتي كلاود أونيفاintégrال إكسترا - غوايتي أنيو-أيوني夫intégrال,"<p>ابدأ ببناء شبكة UniFi المهنية بسهولة. يُعد UniFi Cloud Gateway Ultra كل ما تحتاجه كجهاز ذكي يُدار من مكان واحد جميع أجهزة UniFi الخاصة بك.</p>
<strong>لماذا هذا المنتج؟</strong>
<ul>
<li>التحكم الذ",,,0.6,18,14,5,Standard,Model Specific,,,,680,,,,,,,15,Yes,540,140,25.9,https://www.amazon.sa/-/en/Ubiquiti-Cloud-Gateway-Ultra-UCG-Ultra/dp/B0CWLKD9RP/ref=sr_1_1,2026-04-29,Mainstream,,,,,,14
206,NG-NET-011,,,TP-Link Archer AXE75 - AXE5400 Tri-Band WiFi 6E Router,,,Networking,Physical,New,تي بي لينك Archer AXE75 - AXE5400 Tri-Band WiFi 6E راوتر,"<p>تستعد لتجربة الإنترنت القادم. يفتح **TP-Link Archer AXE75** الباب للصارة في النطاق 6GHz مع سرعات وغطاء غير متاح من قبل.</p>

    <strong>لماذا هذا المنتج؟</strong>
    <ul style=""list-style-type: d",,,1.2,30,22,8,Standard,Model Specific,,,,1499,1299,,,,,,15,Yes,,,,,,Mainstream,,,,,,14
207,NG-NET-010,,,Ubiquiti UniFi USW-Flex-Mini - Ultra-Compact 5-Port Managed Switch,,,Networking,Physical,New,يوبيكويتي UniFi USW-Flex-Mini - Ultra-Compact 5-Port Managed سويتش,"<p>صغير الحجم، كبير في الأداء. يُعتبر <strong>UniFi USW-Flex-Mini</strong> أصغر مُسويّ مُدارة في عائلة UniFi، مستعدًا للعمل في أي مكان تحتاج إليه.</p>
<strong>لماذا هذا المنتج؟</strong>
<ul>
<li>5 منا",,,0.2,12,10,4,Standard,Model Specific,,,,219,,,,,,,15,Yes,,,,,,Mainstream,,,,,,14
208,NG-NET-009,,,Netgear GS308E - 8-Port Gigabit Plus Smart Managed Switch,,,Networking,Physical,New,شبكة جيجابايت ذكي مدبرة غس308إighted - 8 منفذات,"<p>يجمع <strong>Netgear GS308E</strong> بين سهولة الاستخدام وقوة التحكم الذكي في تصميم مدمج من المعدن، مما يجعله خيارًا مثاليًا لتحسين أداء الشبكات المنزلية أو المؤسسية.</p>
<strong>لماذا هذا المنتج؟<",,,0.5,20,14,5,Standard,Model Specific,,,,209,,,,,,,15,Yes,,,,,,Mainstream,,,,,,14
209,NG-NET-008,,,MikroTik hEX S (RB760iGS) - 5-Port Gigabit Router with SFP and USB,,,Networking,Physical,New,ميكروتيك hEX S (RB760iGS) - 5-Port Gigabit راوتر with SFP and USB,"<p>هل تبحث عن جهاز راوتر يفهم الشبكات حقًا؟ يُعتبر **MikroTik hEX S** خيارًا ذكيًا لأي شخص يرغب في التحكم الكامل في الشبكة مع مرونة غير مسبوقة.</p>
<strong>لماذا هذا المنتج؟</strong>
<ul>
<li><strong>",,,0.5,18,14,5,Standard,Model Specific,,,,649,,,,,,,15,Yes,,,,,,Mainstream,,,,,,14
210,NG-NET-007,,,Ubiquiti EdgeRouter X - Advanced Gigabit Router in a Pocket-Sized Form,,,Networking,Physical,New,يوبيكويتي Edgeراوتر X - Advanced Gigabit راوتر in a Pocket-Sized Form,"<p>لا تدع الحجم الصغير يخدعك. يحتوي **Ubiquiti EdgeRouter X** على قدرات توجيهية من الدرجة التجارية التي تتفوق على أجهزة تكلفة مئات المرات أكثر.</p>
<strong>لماذا هذا المنتج؟</strong>
<ul>
<li><strong>",,,0.3,14,12,4,Standard,Model Specific,,,,549,,,,,,,15,Yes,,,,,,Mainstream,,,,,,14
211,NG-NET-006,,,TP-Link TL-SG108E - 8-Port Gigabit Easy Smart Managed Switch,,,Networking,Physical,New,تي بي لينك TL-SG108E - 8-Port Gigabit Easy Smart Managed سويتش,"<p>تتميز لوحة التبادل الذكي المدارة <strong>TP-Link TL-SG108E</strong> بتقنيات إدارة متقدمة بأسعار مدعومة.</p>

    <section>
        <h2><strong>لماذا هذا المنتج؟</strong></h2>
        <ul style=""lis",,,0.5,20,14,5,Standard,Model Specific,,,,229,,,,,,,15,Yes,,,,,,Mainstream,,,,,,14
212,NG-NET-005,,,Ubiquiti UniFi 6 Lite - WiFi 6 Access Point (AX1500),,,Networking,Physical,New,يوبيكويتي UniFi 6 Lite - WiFi 6 نقطة وصول (AX1500),"<p>تحديث نظام الواي فاي الخاص بك مع <strong>Ubiquiti UniFi 6 Lite</strong>. تصميم أنيق و أداء الواي فاي 6 موثوق به، بالإضافة إلى سعر مناسب يجعله الخيار الأمثل لأي تثبيت.</p>

<ul>
    <li><strong>الوا",,,0.4,25,25,8,Standard,Model Specific,,,,849,,,,,,,15,Yes,,,,,,Mainstream,,,,,,14
213,NG-NET-004,,,MikroTik CRS305-1G-4S+IN - 4-Port 10G SFP+ Desktop Switch,,,Networking,Physical,New,ميكروتيك CRS305-1G-4S+IN - 4-Port 10G SFP+ Desktop سويتش,"<p>استمتع بتجربة شبكة 10 جيغابت بدون تكلفة عالية. يوفر <strong>MikroTik CRS305-1G-4S+IN</strong> أربع منافذ SFP+ بسرعة 10Gbps في جسم صغير الحجم بدون مروحة.</p>
<strong>لماذا هذا المنتج",,,0.5,18,14,5,Standard,Model Specific,,,,1149,,,,,,,15,Yes,,,,,,Mainstream,,,,,,14
214,NG-NET-003,,,Ubiquiti UniFi Switch Lite 16 PoE - 16-Port Managed Gigabit PoE+ Switch,,,Networking,Physical,New,يوبيكويتي UniFi سويتش Lite 16 PoE - 16-Port Managed Gigabit PoE+ سويتش,"<p> construّع شبكة محترفة مع <strong>Ubiquiti UniFi Switch Lite 16 PoE</strong>. قم بتوصيل أجهزتك بالبيانات والكهرباء عبر كابل واحد.</p>
<ul>
    <li><strong>8 منافذ PoE+</strong>: ميزانية تبلغ 45W لد",,,3,45,30,8,Heavy,Model Specific,,,,1399,,,,,,,15,Yes,,,,,,Mainstream,,,,,,14
215,NG-NET-002,,,TP-Link Deco XE75 (3-Pack) - AXE5400 WiFi 6E Whole-Home Mesh System,,,Networking,Physical,New,طپ-لينك ديكوXE75 (3-قطعة) - نظام شبكي واي فاي 6E كلي البيت مع أداء AXE5400,"<p>احصل على تغطية سريعة وموثوقة لمنزلك بفضل نظام شبكة واي فاي 6E متكامل من <strong>TP-Link Deco XE75</strong>، الذي يزيل العيوب في الإشارة ويغطي المساحات الكبيرة بسلاسة.</p>
<strong>لماذا هذا المنتج؟<",,,3,38,30,20,Heavy,Model Specific,,,,2419,2099,,,,,,15,Yes,,,,,,Mainstream,,,,,,14
216,NG-NET-001,,,MikroTik hAP ax3 - WiFi 6 Router with RouterOS Power,,,Networking,Physical,New,ميكروتيك hAP ax3 - WiFi 6 راوتر with راوترOS Power,"<p>استمتع بتحكم كامل في شبكة الإنترنت مع موديل MikroTik hAP ax3. هذا جهاز WiFi 6 يجمع بين نظام RouterOS من المستوى الصناعي وتصميم سهل الاستخدام.</p>
<strong>لماذا هذا المنتج؟</strong>
<ul>
<li><strong",,,0.6,22,16,6,Standard,Model Specific,,,,799,,,,,,,15,Yes,,,,,,Mainstream,,,,,,14
217,NG-SH-015,,,Sonoff SNZB-02D Zigbee Temperature &amp; Humidity Sensor with LCD Display,,,Smart Home & IoT,Physical,New,سونوف SNZB-02D زيجبي سينسر لقياس درجة الحرارة والرطوبة مع شاشة LCD,"<p>تريد معرفة درجة الحرارة والتوازن الرطبي بدقة في كل غرفة من غرف منزلك بتكلفة قليلة؟</p>

    <strong>لماذا هذا المنتج؟</strong>
    <ul>
        <li>شاشة LCD ذات حجم 2.7 بوصة تظهر درجة الحرارة والتو",,,0.05,8,6,3,Standard,Model Specific,,,,159,,,,,,,15,Yes,,,,,,Mainstream,,,,,,14
218,NG-SH-014,,,MOES Zigbee Smart Thermostat (BHT-002-GCLZB) - Programmable HVAC Control,,,Smart Home & IoT,Physical,New,موديل زيجبي ذكي للتحكم في درجة الحرارة وظائف قابلة للبرمجة (BHT-002-GCLZB) - التحكم في نظام التدفئة والتهوية والتبريد,<p>هل تدفع فواتير الكهرباء المرتفعة بسبب تشغيل التدفئة أو التكييف طوال اليوم دون ضبط ذكي؟ اكتشف حلًا ذكيًا مع منظم الحرارة الذكي MOES Zigbee (BHT-002-GCLZB) - منظم حراري ذكي لضبط أنظمة التدفئة والتبري,,,0.25,14,10,5,Standard,Model Specific,,,,439,379,,,,,,15,Yes,,,,,,Mainstream,,,,,,14
219,NG-SH-013,,,Zemismart Zigbee Smart Tubular Motor (ZM25TQ) - Heavy-Duty Roller Blind Motor,,,Smart Home & IoT,Physical,New,zemismart ذكية زيجبي موتور لفتحة السقف الثقيلة (ZM25TQ) - موتور ستاربلاين,"<p>هل تبحث عن محرك ذكي قوي لستائر التروس الثقيلة؟ هذا المحرك الذكي من Zemismart يوفر قوة دفع عالية لتعمل مع أثقال تصل إلى 8 كجم، مع تصميم مدمج يناسب جميع أنواع الستائر.</p>
<strong>لماذا هذا المنتج؟</",,,1,45,12,10,Standard,Model Specific,,,,699,,,,,,,15,Yes,,,,,,Mainstream,,,,,,14
220,NG-SH-012,,,Aqara Roller Shade Driver E1 (RSD-M01) - Smart Roller Blind Motor with HomeKit,,,Smart Home & IoT,Physical,New,جهاز قياس ستاره متحرك أقراة E1 (RSD-M01) - محرك ستار متحرك ذكي مع دعم هومكิت,"<p>هل ترغب في التحكم في الستائر المتدلية من هاتفك دون الحاجة إلى تركيب معقد؟</p>
<strong>لماذا هذا المنتج؟</strong>
<ul>
<li>يتناسب مع الستائر المتدلية الحالية التي",,,0.5,20,12,8,Standard,Model Specific,,,,689,599,,,,,,15,Yes,,,,,,Mainstream,,,,,,14
221,NG-SH-011,,,SwitchBot Bot (S1) - Robotic Finger That Makes Any Button Smart,,,Smart Home & IoT,Physical,New,SwitchBot بوت (S1) - أطراف ذكية تجعل أي زر ذكي,"<p>هل لديك جهاز قديم ترغب في التحكم فيه من هاتفك لكنه يسبق تكنولوجيا الذكاء الاصطناعي؟</p>
<strong>لماذا هذا المنتج؟</strong>
<ul>
<li>ذراع ميكانيكي يضغط على أي زر - من إضاءة مكتبية إلى آلة قهوة، أي ش",,,0.1,10,8,5,Standard,Model Specific,,,,279,,,,,,,15,Yes,,,,,,Mainstream,,,,,,14
222,NG-SH-010,,,Eve Energy Smart Plug (Matter/Thread) - Next-Gen Smart Plug with Power Monitoring,,,Smart Home & IoT,Physical,New,Eve Energy قابس ذكي (Matter/Thread) - Next-Gen قابس ذكي with Power شاشةing,"<p>اكتشف كيف تعرف بدقة استهلاك كل جهاز في منزلك ومتى يجب إيقافه مع منفذ ذكي ذي مراقبة طاقة متطورة.</p>
<strong>لماذا هذا المنتج؟</strong>
<ul>
<li>تقنية Matter over Thread - لا يحتاج لشبكة Wi-Fi، يعمل",,,0.15,12,8,5,Standard,Model Specific,,,,399,,,,,,,15,Yes,,,,,,Mainstream,,,,,,14
223,NG-SH-009,,,Aqara Motion Sensor P1 (MS-S02) - Wide-Angle 170° Smart PIR Sensor,,,Smart Home & IoT,Physical,New,أقراها سينسر حركة P1 (MS-S02) - سعاتي 170° ذكي مستشعر PIR,"<p>استمتع بضوء تلقائي ينير بمجرد دخولك الغرفة ويطفئ نفسه عند مغادرتك.</p>

<ul>
    <li><strong>لماذا هذا المنتج؟</strong></li>
    <li>زاوية اكتشاف واسعة تبلغ 170° × 40° (العمودي × الأفقي) لتشمل جميع",,,0.1,10,8,5,Standard,Model Specific,,,,279,,,,,,,15,Yes,,,,,,Mainstream,,,,,,14
224,NG-SH-008,,,Shelly Plus 1PM - Smart Wi-Fi Relay with Power Monitoring,,,Smart Home & IoT,Physical,New,شيللي بلس 1PM - مرتعش ذكي بثاني أكسيد النيتروجين مع مراقبة الطاقة,"<p>هل ترغب في جعل أضواءك وآلاتك الذكية دون الحاجة لتعديل المفاتيح؟ يُعد Shelly Plus 1PM حلًا مثاليًا لتحويل الأجهزة الموجودة إلى منظومة ذكية بسهولة وفعالية.</p>
<strong>لماذا هذا المنتج؟</strong>
<ul>",,,0.05,8,6,3,Standard,Model Specific,,,,189,,,,,,,15,Yes,,,,,,Mainstream,,,,,,14
225,NG-SH-007,,,SwitchBot Curtain 3 (W2400000) - Turn Any Curtain Smart in Minutes,,,Smart Home & IoT,Physical,New,'-switchbot ستارن سكينر 3 (W2400000) - جعل أي شтор ذكي في دقائق,"<p>استمتع بتحكم فوري في ستائرك باستخدام صوتك أو هاتفك الذكي مع SwitchBot Curtain 3 (W2400000).</p>

<ul>
    <li><strong>التركيب السهل:</strong> يتم تركيبه بدون أداة في أقل من خمس دقائق ويتناسب مع مسا",,,0.3,18,10,8,Standard,Model Specific,,,,639,549,,,,,,15,Yes,,,,,,Mainstream,,,,,,14
226,NG-SH-006,,,Aqara Hub M2 (HM2-G01) - Multi-Protocol Smart Home Gateway,,,Smart Home & IoT,Physical,New,محول أقارة M2 (HM2-G01) - بوابة ذكية متعددة البروتوكولات للمنزل,"<p>هل لديك أجهزة ذكية مبعثرة دون منصة واحدة لربطها؟ اكتشف Hub M2 من Aqara، بوابة ذكية متعددة البروتوكولات تدمج أجهزتك في نظام واحد سلس وآمن.</p>
<strong>لماذا هذا المنتج؟</strong>
<ul>
<li>دعم Zigbee ",,,0.2,14,10,5,Standard,Model Specific,,,,499,,,,,,,15,Yes,,,,,,Mainstream,,,,,,14
227,NG-ENT-010,,,Ubiquiti UniFi Switch Pro 24 PoE (USW-Pro-24-PoE) - Smart Managed PoE+ Switch,,,Homelab,Physical,New,يوبيكويتي UniFi سويتش Pro 24 PoE (USW-Pro-24-PoE) - Smart Managed PoE+ سويتش,"<p>هل تشعر بالإرهاق من توصيل أسلاك كهربائية منفصلة لكل كاميرا ونقطة الوصول في شبكة الإنترنت الخاصة بك؟</p>
<strong>لماذا هذا المنتج؟</strong>
<ul>
<li>24 منفذًا بسرعة جيجابت مع ميزانية كهرباء عبر الشب",,,5.5,55,35,8,Heavy,Verified,,,,4199,,,,,,,15,Yes,,,,,,Mainstream,,,,,,14
228,NG-ENT-009,,,HPE ProLiant DL380 Gen10 Server (Refurbished) - Data Center Power at Smart Pricing,,,Homelab,Physical,Refurbished,خادم هوايبي برولينيوت دل380 جين10 (مسترجَع) - قوة مركز البيانات بأثمنة ذكية,"<p>هل تحتاج إلى أداء خادم من نوع مركز البيانات ولكن ميزانيتك لا تسمح بشراء نموذج جديد؟ اكتشف HPE ProLiant DL380 Gen10 Server (الملف المُعاد تجميعه) الذي يوفر أداءً عاليًا بأسعار مناسبة.</p>
<strong>لم",,,25,80,55,22,Oversized,Model Specific,,,,8630,,,,,,,15,Yes,6899,1731,25.1,https://www.amazon.sa/-/en/ProLiant-DL380-Server-3-20GHz-Renewed/dp/B0GW1G7H16/ref=sr_1_1,2026-04-29,Mainstream,,,,,,14
229,NG-ENT-008,,,APC Smart-UPS 1500VA LCD RM 2U (SMT1500RMI2U) - Pure Sine Wave Rack UPS,,,Homelab,Physical,New,APC Smart-UPS 1500VA LCD RM 2U (SMT1500RMI2U) - مولد طاقة نقية الدائرة الرفقي,"<p>هل تواجه مشاكل في فقدان البيانات أو ضرر الأجهزة بسبب انقطاع التيار الكهربائي المفاجئ؟ يوفر لك هذا الجهاز حماية موثوقة وتشغيلًا مستقرًا لجميع أجهزتك الحساسة.</p>
<strong>لماذا هذا المنتج؟</strong>
<",,,22,58,38,12,Oversized,Model Specific,,,,4899,,,,,,,15,Yes,,,,,,Mainstream,,,,,,14
230,NG-ENT-007,,,MikroTik CRS326-24G-2S+RM 24-Port Managed Gigabit Switch with 10G SFP+,,,Homelab,Physical,New,ميكروتيك CRS326-24G-2S+RM 24-Port Managed Gigabit سويتش with 10G SFP+,"<p>هل تبحث عن مُدارة تبادل بيانات مع ميزات احترافية دون دفع أسعار العلامات التجارية الفاخرة؟ هذا المنتج هو الحل الأمثل لاحتياجاتك في الشبكات المتقدمة بجودة عالية وبأسعار مناسبة.</p>
<strong>لماذا هذا ",,,3.5,55,30,8,Heavy,Verified,,,,1110,,,,,,,15,Yes,884,226,25.6,https://www.amazon.sa/-/en/Switch-ports-Gigabit-MikroTik-CRS326-24G-2S-RM/dp/B0747TBTDX/ref=sr_1_1,2026-04-29,Mainstream,,,,,,14
231,NG-ENT-006,,,Synology DiskStation DS1621+ 6-Bay NAS - Enterprise Storage Powerhouse,,,Homelab,Physical,New,نظام التخزين enterprise DiskStation DS1621+ 6-بوابات,"<p>إذا كنت تبحث عن حل تخزين مركز يوفر كلا من الأداء والموثوقية لعملك، فهذا المنتج هو الخيار الأمثل.</p>

<ul>
    <li><strong>الأداء:</strong> مع معالج AMD Ryzen V1500B quad-core 2.2GHz، تضمن التجاوزا",,,5,35,30,25,Heavy,Model Specific,,,,5599,,,,,,,15,Yes,,,,,,Mainstream,,,,,,14
233,NG-ACC-004,,,Seagate IronWolf 18TB NAS Internal Hard Drive - Built for 24/7 Performance,,,Hardware,Physical,New,قرص صلب داخلي سيراجيت إيرونوول 18 تي بي آيسي - مصمم لل أداء 24/7,<p>استخدم نظامك التخزيني NAS بمحرك أقراص Seagate IronWolf 18TB، محرك أقراص مصمم خصيصًا لتحمل متطلبات البيئات متعددة المستخدمين وتشغيل 24/7. قوي، قابل للتوسع، وموثوق—هو الأساس الأساسي لبنية بياناتك.</p,,,1,20,14,5,Standard,Model Specific,,,,3109,2699,,,,,,15,Yes,,,,,,Mainstream,,,,,,14
234,NG-ACC-003,,,Mark Ryden Anti-theft Laptop Backpack - Maximum Protection for Your Tech,,,Accessories & Lifestyle,Physical,New,حقيبة حماية أمنية لمحمول Mark Ryden - حماية قصوى لتقنيتك,"<p>استمتع بالسفر بثقة وسلاسة مع حقيبة الظهر المضادة للسرقة من مارك ريدن. هذه الحقيبة ليست مجرد حقيبة، بل هي خزنة متنقلة تحمي معداتك الثمينة، مصممة لليوميات والمسافرين المكثفين.</p>
<strong>لماذا هذا ا",,,1.2,50,35,15,Standard,Model Specific,,,,479,409,,,,,,15,Yes,,,,,,Mainstream,,,,,,14
235,NG-ACC-002,,,Anker 735 GaN 65W Charger - Compact 3-Port Fast Charger,,,Accessories & Lifestyle,Physical,New,انكر 735 GaN 65W شاحن - Compact 3-Port Fast شاحن,"<p>اكتشف تجربة شحن سلسة مع **Anker 735 Charger (GaNPrime 65W)**. اخلع الأجهزة الثقيلة واحصل على شحن سريع لثلاثة أجهزة في وقت واحد من منفذ صغير الحجم.</p>
<strong>لماذا هذا المنتج؟</strong>
<ul>
<li><s",,,0.2,12,8,5,Standard,Model Specific,,,,379,,,,,,,15,Yes,,,,,,Mainstream,,,,,,14
236,NG-ACC-001,,,Baseus Blade 100W Power Bank - Ultra-Slim Laptop Portable Charger,,,Accessories & Lifestyle,Physical,New,แบสิว بلايد 100W بورر بنك - شحذة محمولة للكمبيوتر المحمول رقيقة جدا,<p>استعد لحياتك المهنية ببطاقة شحن Baseus Blade 100W. مصممة لمن لا يرغبون في الارتباط بالمنافذ,,,0.5,22,15,4,Standard,Model Specific,,,,499,,,,,,,15,Yes,,,,,,Mainstream,,,,,,14
237,NG-MKR-005,,,Elgato Stream Deck MK.2 - Professional Productivity Console with 15 LCD Keys,,,Enthusiasts & Gamers,Physical,New,إلجاتو ستريم ديك MK.2 - Professional Productivity Console with 15 LCD Keys,"<p>تحكم في حياتك الرقمية بجهاز **Elgato Stream Deck MK.2**. أكثر من مجرد جهاز تحكم لمستخدمي البث، فهو لوحة تحكم قوية تُسرع المهام، من تحرير الفيديو إلى تطوير البرمجيات المعقدة.</p>
<strong>لماذا هذا ا",,,0.5,22,16,6,Standard,Model Specific,,,,1439,1249,,,,,,15,Yes,,,,,,Mainstream,,,,,,14
238,NG-MKR-004,,,Meta Quest 3 128GB - The Most Powerful Mixed Reality Headset,,,Enthusiasts & Gamers,Physical,New,ميتا كويست 3 128GB - The Most Powerful Mixed Reality سماعة,<p>اكتشف عالمًا جديدًا مع **Meta Quest 3**. سواء كنت تغوص في مغامرات ألعاب مذهلة أو تحول غرفة المعيشة إلى مكتب افتراضي، فإن Quest 3 يوفر تجربة واقع مختلط مبتكرة تدمج بين العالم الرقمي والفيزيائي بسلاس,,,1.8,30,22,18,Heavy,Model Specific,,,,3060,,,,,,,15,Yes,2441,619,25.4,https://www.amazon.sa/-/en/Meta-Quest-512GB-All-One/dp/B0CD1JTBSC/ref=sr_1_2,2026-04-29,Mainstream,,,,,,14
239,NG-MKR-003,,,Keychron Q1 - Premium Full Aluminum Custom Mechanical Keyboard,,,Enthusiasts & Gamers,Physical,New,كيكرون Q1 - Premium Full Aluminum Custom كيبورد ميكانيكي,"<p>استعد لتجربة تحريرية فريدة مع <strong>Keychron Q1</strong>، لوحة ميكانيكية مصنوعة من الألمنيوم الكامل تجمع بين الأناقة والقوة، مصممة لتعزيز كفاءة العمل وتقديم تجربة تصفية مثالية.</p>
<strong>لماذا ",,,1.5,42,18,6,Standard,Model Specific,,,,1449,,,,,,,15,Yes,,,,,,Mainstream,,,,,,14
240,NG-MKR-002,,,Raspberry Pi 5 Ultimate Starter Kit - Everything You Need in One Box,,,Hardware,Physical,New,رازبيري باي 5 Ultimate Starter Kit - Everything You Need in One Box,"<p>لا تبحث عن أجزاء متوافقة، بل ابدأ مباشرة ببناء مشاريعك. مجموعة Raspberry Pi 5 Ultimate Starter Kit تحتوي على كل ما تحتاجه لبدء مشاريعك فورًا.</p>
<strong>لماذا هذا المنتج؟</strong>
<ul>
<li>تتوافق ",,,1,25,20,12,Standard,Model Specific,,,,1329,1149,,,,,,15,Yes,,,,,,Mainstream,,,,,,14
241,NG-MKR-001,,,Raspberry Pi 5 8GB - The New Standard in Single Board Computing,,,Hardware,Physical,New,رازبيري باي 5 8GB - The New Standard in Single Board Computing,"<p>استمتع بقوة لا تضاهى في يدك مع Raspberry Pi 5. يتميز بزيادة كبيرة في سرعة المعالجة وقدرة الرسومات، مما يجعله مناسبًا لتطبيقات الصناعة المعقدة وخدمات المنزل عالية الجودة.</p>
<strong>لماذا هذا المنت",,,0.15,12,10,4,Standard,Model Specific,,,,1039,899,,,,,,15,Yes,,,,,,Mainstream,,,,,,14
242,NG-SH-005,,,Sonoff TX Ultimate (T5) Smart Wall Switch - Interactive Elegance with RGB,,,Smart Home & IoT,Physical,New,سونوف تي إكس أوميتيلايت (ت5) ذكي مزودح - إleganza تفاعلية مع RGB,"<p>استبدل طريقة التحكم في الإضاءة بتصميم عصري يدمج بين الجمال والوظيفة، مع مفتاح جدار ذكي يُعيد تعريف تجربة التفاعل مع الإضاءة.</p>
<strong>لماذا هذا المنتج؟</strong>
<ul>
<li><strong>تجربة لمسة مُتكا",,,0.3,14,10,5,Standard,Model Specific,,,,309,269,,,,,,15,Yes,,,,,,Mainstream,,,,,,14
243,NG-SH-004,,,Aqara Water Leak Sensor - Safeguard Your Home from Water Damage,,,Smart Home & IoT,Physical,New,ساحر حساس تسرب المياه - حافظ على منزلك من أضرار المياه,<p>احمي منزلك من الكوارث المفاجئة مع أحدث جهاز كشف تسربات المياه من Aqara. يراقب الجهاز منزلك على,,,0.05,8,6,3,Standard,Model Specific,,,,259,219,,,,,,15,Yes,,,,,,Mainstream,,,,,,14
244,NG-SH-003,,,Broadlink RM4 Pro - Universal Smart Remote for IR &amp; RF Devices,,,Smart Home & IoT,Physical,New,Broadlink RM4 Pro - ذكاء جهاز عنصري متعدد للتحكم عن بعد عبرIR وRF,<p>المنتج المثالي لتحويل منزلك إلى منزل ذكي بدون إزعاج، يجمع بين التحكم في الأجهزة عبر تطبيق واحد على هاتفك. سواء كان جهاز التكييف أو باب المندفع الكهربائي، يدمج RM4 Pro كل شيء في نظام المنزل الذكي.</,,,0.2,14,10,5,Standard,Model Specific,,,,359,,,,,,,15,Yes,,,,,,Mainstream,,,,,,14
245,NG-SH-002,,,UniFi Protect G4 Pro Camera - 4K Ultra HD Surveillance Excellence,,,Smart Home & IoT,Physical,New,كاميرا يونيفي برو G4 حراسة فائقة الوضوح UHD 4K,"<p>اكتشف كل التفاصيل، سواء في النهار أو الليل، مع كاميرا **UniFi Protect G4 Pro**. هذه الكاميرا من الطراز العالي توفر وضوحًا 4K مذهل، مما يضمن لك رؤية دقيقة في اللحظات الحاسمة.</p>
<strong>لماذا هذا ا",,,0.8,22,16,14,Standard,Model Specific,,,,2520,,,,,,,15,Yes,2008,512,25.5,https://www.amazon.sa/-/en/Ubiquiti-Networks-UVC-G4-PRO-PROTECT-G4-PRO/dp/B07R7F7KJM/ref=sr_1_1,2026-04-29,Mainstream,,,,,,14
246,NG-SH-001,,,Aqara Smart Door Lock A100 - Elite Security with Apple HomeKey Support,,,Smart Home & IoT,Physical,New,آقارة ذكي قفل باب أ100 - أمان عالي مع دعم هومكي من آبل,"<p>تحديث أمان منزلك مع <strong>Aqara A100</strong>، قفل باب ذكي آمن ومتعدد الاستخدامات. اترك المفاتيح الورقية وابدأ في فتح منزلك ببصمة الإصبع أو أجهزة آبل.</p>
<strong>لماذا هذا المنتج؟</strong>
<ul>
",,,2,30,22,12,Heavy,Model Specific,,,,1649,,,,,,,15,Yes,,,,,,Mainstream,,,,,,14
247,NG-ENT-005,,,Asustor Flashstor 6 (FS6706T) - All-NVMe SSD NAS for Extreme Performance,,,Homelab,Physical,New,Asustor فشستور 6 (FS6706T) - نظام تخزينNAS=all-NVMe SSD لمحوّل الأداء المُتطرِف,"<p>ابتعد عن الأقراص الصلبة التقليدية وابدأ في عصر تخزين البيانات مع Asustor Flashstor 6. هذا ليس مجرد وحدة تخزين (NAS) – بل قوة مدمجة بالكامل مصممة لمن يطلبون صفر تأخير وسرعة قصوى.</p>
<strong>لماذا ه",,,2,25,18,12,Standard,Model Specific,,,,3099,,,,,,,15,Yes,,,,,,Mainstream,,,,,,14
248,NG-ENT-004,,,UniFi 6 Long-Range (U6-LR) - High-Performance WiFi 6 Access Point,,,Homelab,Physical,New,وحدة فاي بي 6 طويلة المدى (U6-LR) - نقطة دخول فاي بي 6 عالية الأداء,"<p>أقصِّي نطاق الاتصال اللاسلكي وسرعة الأداء مع UniFi 6 Long-Range. مصمم لقوة وموثوقية، فإن U6-LR هو نقطة دخول عالية الأداء تجلب مستقبل WiFi 6 إلى منزلك أو مكتبك الكبير.</p>
<strong>لماذا هذا المنتج؟<",,,0.5,25,25,8,Standard,Model Specific,,,,1180,,,,,,,15,Yes,938,242,25.8,https://www.amazon.sa/-/en/Ubiquiti-Wireless-Long-Range-Included-U6-LR-US/dp/B08V1PF29L/ref=sr_1_2,2026-04-29,Mainstream,,,,,,14
249,NG-ENT-003,,,Ubiquiti UniFi Dream Machine Pro (UDM-Pro) - All-in-One Enterprise Network Console,,,Homelab,Physical,New,مكملة شبكة أنيقة د림 ميشين برو (UDM-Pro) - وحدة تحكم شبكيه تجميعية للأعمال,"<p>اكتشف السيطرة الكاملة على بيئةك الرقمية مع <strong>UniFi Dream Machine Pro</strong>. هذا الجهاز المتكامل من نوع واحد قوي مصمم ليتوافق مع احتياجاتك، ويقدم أمانًا وسرعة تصل إلى مستوى الشركات.</p>
<st",,,3.5,35,28,10,Heavy,Model Specific,,,,2570,,,,,,,15,Yes,2054,516,25.1,https://www.amazon.sa/-/en/Ubiquiti-Networks-Touchscreen-Enterprise-Cortex-A57/dp/B086967C9X,2026-04-29,Mainstream,,,,,,14
250,NG-ENT-002,,,Asustor Lockerstor 4 (AS6604T) - Professional 4-Bay NAS for Creators,,,Homelab,Physical,New,أساستور لوكيرستور 4 (AS6604T) - نظام تخزين متعدد الأغراض للمساهمين专业的创作者4盘位网络存储系统,"<p>أعد تشكيل إدارة بياناتك مع <strong>Asustor Lockerstor 4</strong>. مصمم لمستخدمي القوة وشركات الأعمال الصغيرة، يجمع بين السرعة والمساحة والحماية بأسلوب مثالي.</p>

<strong>لماذا هذا المنتج؟</strong>",,,4,32,25,22,Heavy,Model Specific,,,,3099,,,,,,,15,Yes,,,,,,Mainstream,,,,,,14
251,NG-ENT-001,,,"Dell PowerEdge R730 Refurbished Server - Enterprise Power, Smart Investment",,,Homelab,Physical,Refurbished,دell PowerEdge R730_SERVER مسترد - قوة الأعمال، استثمار ذكي,"<p>استثمر في بناء البنية التحتية الخاصة بك دون تكلفة الشركات الكبرى. يوفر <strong>Dell PowerEdge R730</strong> أداءً متميزًا بسعر مناسب، مع تجديد احترافي يضمن أداءً مماثلًا للمنتجات الجديدة.</p>
<stro",,,25,80,55,22,Oversized,Model Specific,,,,8099,,,,,,,15,Yes,,,,,,Mainstream,,,,,,14
577,SH-WIN-ECVX-001,,,Ecovacs WINBOT W2 OMNI - Robotic Window Cleaner,,,Smart Home & IoT,Physical,New,إيكوفاكس WINBOT W2 OMNI · روبوت تنظيف زجاج,<p>يُعتبر Ecovacs WINBOT W2 OMNI أحدث تطور في تنظيف النوافذ تلقائيًا، حيث يجمع بين الذكاء الاصطناعي والتقنيات المتقدمة لتقديم نظافة مثالية دون تدخل بشري. يتميز بتصميم عصري ووظائف ذكية تضمن كفاءة عالية,,,4,38,28,18,Heavy,Model Specific,,,,2299,,,,,,,15,Yes,,,,,,Mainstream,,,,,,14
578,SH-WIN-HBT-001,,,HOBOT-R3 - Window Cleaning Robot,,,Smart Home & IoT,Physical,New,HOBOT R3 · روبوت تنظيف نوافذ,<p>يُقدّم لك HOBOT-R3 أحدث تقنية في تنظيف النوافذ بسلاسة وفعالية. يُنظّم هذا الروبوت تلقائيًا النوافذ بفضل نظام تحديد المواقع الذكي، مما يوفر لك وقتًا ويعزز نظافة المنزل دون الحاجة إلى تعب العمل اليدو,,,3.5,35,25,15,Heavy,Model Specific,,,,1599,,,,,,,15,Yes,,,,,,Mainstream,,,,,,14
581,SH-POL-BBT-001,,,Beatbot AquaSense Pro - Cordless Pool Cleaning Robot,,,Smart Home & IoT,Physical,New,بيت بوت أكواسنس برو · روبوت تنظيف مسابح لاسلكي,"<p>يُعد Beatbot AquaSense Pro أحدث تطور في تقنية تنظيف المسبحات، حيث يجمع بين الذكاء الاصطناعي والكفاءة العالية لضمان تنظيف شامل دون الحاجة إلى توصيل كهربائي.</p>
<strong>لماذا هذا المنتج؟</strong>
<u",,,12,55,45,35,Oversized,Model Specific,,,,7499,,,,,,,15,Yes,,,,,,Mainstream,,,,,,14
582,SH-POL-DOL-001,,,Maytronics Dolphin Premier - Robotic Pool Cleaner,,,Smart Home & IoT,Physical,New,مايترونيكس دولفين بريمير · روبوت تنظيف مسابح,"<p>يُعد Maytronics Dolphin Premier - Robotic Pool Cleaner أحدث تطور في تنظيف المسبحات بذكاء وفعالية، حيث يجمع بين التكنولوجيا المتقدمة والراحة في الاستخدام لضمان نظافة مثالية دون تعب.</p>
<strong>لماذ",,,10,55,45,30,Oversized,Model Specific,,,,5999,,,,,,,15,Yes,,,,,,Mainstream,,,,,,14
