Priority,Supplier,Best Entity,Product Fit,Use First For,Why Good,First Action,URL,Caution
1,LikeCard Business,Saudi,Digital gift cards / vouchers / gaming / subscriptions,KSA/MENA gift cards and top-ups,MENA digital products platform with business partner path and Riyadh presence,Apply as partner/merchant and request catalog export with costs and regions,https://likecard.com/business,Verify reseller pricing and API/export availability
1,Reloadly,Saudi or US,Gift cards / airtime / data bundles / digital goods,Global gift cards and top-up API,API/catalog source reduces manual sourcing and supports broad global catalog,Create account or book demo and request Saudi/US/Global catalog export,https://www.reloadly.com/reseller/,Verify fees settlement currency and exact KSA/US/Global denominations
1,Infinivoucher,Saudi or US,Game top-ups / gift cards / subscriptions,MENA top-ups and high-risk game card SKUs,B2B MENA reseller positioning with gaming and digital cards,Apply for platform access and request reseller catalog export,https://infinivoucher.com/,Verify company terms payment methods and exact region support
2,G2Bulk,Saudi or US,Game top-ups / gift cards,Fast reseller price checks for game top-ups,Clear wholesale top-up and API positioning,Create test account and verify catalog export and refund rules,https://g2bulk.com/,Crypto-only according to site so treat as backup until acceptable
2,Skarla / LikeCard ecosystem,Saudi,Prepaid e-vouchers / gift card management,Voucher operations or distribution workflows,LikeCard ecosystem connection and regional voucher tooling,Request demo and confirm reseller procurement support,https://skarla.com/,May be more issuer/distribution tooling than supplier procurement
1,Ingram Micro Saudi Arabia,Saudi,IT hardware / networking / software,Local authorized IT distribution,Saudi invoice warranty and compliance path,Apply as partner and request category price lists,https://ingrammicrosaudi.com/become-a-partner/,May require company docs and account approval
1,Zeta Technologies,Saudi,Consumer electronics,Saudi electronics distribution and wholesale relationships,KSA distributor with major retailer relationships shown on site,Email sales for wholesale catalog brands MOQ and reseller terms,https://zeta.sa/index.html,Verify brand list current stock and warranty terms
1,Ashtel KSA,Saudi,IT / communications / electronics / accessories,Saudi electronics and accessory wholesale,Broad Saudi wholesale and brand distribution activity,Contact corporate sales for reseller onboarding and category price list,https://www.ashtelksa.com/,Verify exact brand authorization and wholesale terms
1,Ingram Micro US,US WY,IT hardware / software / networking,US distributor account for hardware,Major US technology distributor with customer partner onboarding,Apply as customer using Wyoming company and request price exports,https://www.ingrammicro.com/en-us/sign-up/sign-up,May require resale certificate credit app and business verification
1,TD SYNNEX US,US WY,IT / electronics / networking / infrastructure,US distributor account and quotes,Major US distribution channel for IT and electronics,Apply as reseller/customer and request catalog or price feed access,https://www.tdsynnex.com/us/en/td-synnex.html,May require reseller approval and tax documents
2,D&H Distributing,US WY,SMB IT / consumer electronics / gaming / home networking,US reseller/retail distributor,D&H describes technology distribution for resellers and retailers,Apply as customer and request NeoGen category price lists,https://www.dandh.com/,US/North America focus so landed cost to KSA must be calculated
2,Exertis Almo,US WY,Pro AV / displays / projectors / creator gear,Specialist AV and commercial equipment,Useful specialist distributor for AV categories,Apply only for AV/display/projector/creator categories,https://www.exertisalmo.com/about,Not main source for every SKU
3,B&H Photo,US WY,Creator gear / camera / AV / specialist hardware,Reference and occasional buy source,Reliable specialist source for benchmark and availability,Use for benchmark first and buy only when landed margin works,https://www.bhphotovideo.com/,Retail pricing not true wholesale
3,Amazon.sa,Saudi,Local market reference / fallback buying,Local price benchmark,Useful Saudi market reference and occasional fallback,Use to benchmark competitor floor and seller availability,https://www.amazon.sa/,Not usually a true wholesale supplier
3,Noon,Saudi,Local market reference / fallback buying,Local price benchmark,Useful Saudi market reference,Use to benchmark marketplace floor and seller availability,https://www.noon.com/saudi-en/,Seller quality and invoice/warranty vary
