Channel,Entity Fit,Product Fit,Use Case,URL,Notes
Reloadly,Saudi or US,Gift cards / airtime / top-ups,API/catalog source for digital goods,https://www.reloadly.com/reseller/,"Good candidate for global API-driven digital goods; verify Saudi availability, denominations, fees, and KYB."
Visoria,Saudi or US,Gift cards / games / subscriptions,Bulk digital distribution partner,https://www.visoria.com/,"Research partner onboarding and catalog coverage for Netflix, gaming, subscriptions, and vouchers."
Infinivoucher,Saudi/MENA,Gift cards / game top-ups,MENA-focused B2B voucher and top-up source,https://infinivoucher.com/,"Strong fit for PUBG, Razer Gold, iTunes, Google Play, PlayStation, Roblox, Free Fire, and Netflix style SKUs."
G2Bulk,Saudi or US,Game top-ups / gift cards,Fast reseller pricing benchmark,https://g2bulk.com/,"Crypto-only per site; useful for pricing research but payment method and compliance need review."
HCTOPUP,Saudi or US,Game top-ups / digital gift cards,Bulk/API source candidate,https://www.hctopup.com/,"Check B2B onboarding, exact region support, refund terms, and API/catalog export."
Skarla / LikeCard ecosystem,Saudi/MENA,Prepaid cards / e-vouchers,Regional voucher distribution,https://skarla.com/,"Powered by LikeCard ecosystem; research B2B access and Saudi catalog."
Ingram Micro US,US WY,IT hardware / networking / software,Authorized distributor onboarding,https://www.ingrammicro.com/en-us/partner/become-a-reseller,"Use Wyoming company for reseller account and quotes; may require business docs/resale certificate."
Ingram Micro Saudi Arabia,Saudi,IT hardware / networking / software,Local authorized distribution,https://ingrammicrosaudi.com/become-a-partner/,"Use Saudi company for local distributor relationship, VAT invoices, and warranty/compliance."
TD SYNNEX US,US WY,IT / consumer electronics / networking / advanced solutions,US distributor onboarding,https://www.tdsynnex.com/us/en/td-synnex.html,"Strong for PC, mobile, print, consumer electronics, networking, software, security, and infrastructure."
Exertis Almo,US WY,Pro AV / commercial display / creator gear,US dealer/distributor source,https://www.exertisalmo.com/about,"Requires qualified reseller/dealer profile; useful for AV and commercial equipment."
B&H Photo,US WY,Creator gear / networking / cameras / AV,Reference and buy source for specialist products,https://www.bhphotovideo.com/,"Useful for creator/AV/networking comparisons; not always wholesale."
Smarteck,US/international,Electronics / gaming / appliances / closeouts,International wholesale candidate,https://www.smarteck.com/,"Bulk/pallet/container and reseller-focused; verify authenticity, MOQ, and export terms."
Acquvia Global,US/international,Apple / premium electronics / gaming consoles,Bulk quote candidate,https://www.acquvia.com/,"Global operations include US/Dubai/India; useful for premium electronics quote requests."
SM Distribution,US/international,Consumer electronics / smartphones / laptops / consoles,Wholesale quote candidate,https://smdistribution.co/,"Global wholesale candidate; verify account terms, MOQ, warranty, and export documents."
B&S International,US/international,Consumer electronics / cameras / mobile / headphones,Wholesale/distributor candidate,https://bandsintl.com/,"Exports to many countries per site; verify stock feeds and bulk pricing."
Argentek,US/international,Consumer electronics / bulk tech,Wholesale quote candidate,https://argentek.org/,"International tech distribution candidate; verify company credentials and references before bulk purchases."
Zeta Technologies,Saudi,Consumer electronics / retail distribution,Saudi distributor candidate,https://zeta.sa/index.html,"KSA electronics distributor; claims relationships with Jarir, Carrefour, Lulu, Noon, and Amazon."
Ashtel KSA,Saudi,IT / communications / electronics / accessories,Saudi wholesale and brand distribution candidate,https://www.ashtelksa.com/,"Saudi-based wholesale/brand distribution candidate."
Shareef Corner,Saudi,Xiaomi AIOT / Ugreen / Oraimo / Amazfit / accessories,Saudi local distributor candidate,https://www.shareefcorner.sa/,"Research for smart home/accessories categories; LinkedIn describes exclusive agency/distributor role."
Amazon.sa,Saudi,Market reference / fallback supplier,Local price reference and occasional supply,https://www.amazon.sa/,"Use as benchmark unless seller reliability, quantity, and invoice/warranty are confirmed."
Noon,Saudi,Market reference / fallback supplier,Local price reference and occasional supply,https://www.noon.com/saudi-en/,"Use as benchmark unless seller reliability, quantity, and invoice/warranty are confirmed."
