sku,name,category,current_sale_sar,best_landed_sar_est,best_channel,new_sale_sar_at_20pct_margin,profit_per_unit_sar,realized_margin_pct,reprice_delta_sar,action
GM-GPU-GIG-001,Gigabyte AORUS RTX 5090 Master 32GB,Hardware,27999,25948,Amazon.sa,32440,6492,20.0,4441,RAISE
GM-GPU-NVD-001,NVIDIA RTX 5090 Founders Edition (32GB),Hardware,22999,20579,Amazon.sa,25730,5151,20.0,2731,RAISE
GM-MON-SAM-001,"Samsung Odyssey OLED G8 (34"" UWQHD 175Hz)",Gaming,7799,7410,Amazon.sa,9270,1860,20.1,1471,RAISE
NG-DRN-001,DJI Mini 4 Pro - Sub-249g Drone with 4K/60fps Camera,Drones &amp; Robotics,6099,6055,Amazon.sa,7570,1515,20.0,1471,RAISE
NG-DRN-007,"Roborock S8 MaxV Ultra - Smart Robot Vacuum with 10,000Pa Suction",Drones &amp; Robotics,7699,7299,Noon,9130,1831,20.1,1431,RAISE
GM-MON-LGE-001,"LG UltraGear OLED 27GR95QE-B (27"" QHD 240Hz)",Gaming,4899,4754,Noon,5950,1196,20.1,1051,RAISE
GM-MON-ASU-001,"ASUS ROG Swift OLED PG27AQDM (27"" QHD 240Hz)",Gaming,5399,5100,Amazon.sa,6380,1280,20.1,981,RAISE
GM-CHR-SEC-001,Secretlab Titan Evo,Gaming,3499,3527,Amazon.sa,4410,883,20.0,911,RAISE
NG-ACC-008,CalDigit TS4 Thunderbolt 4 Dock - 18-Port Professional Docking Station,Accessories &amp; Lifestyle,2899,1645,Amazon.sa,2060,415,20.1,-839,LOWER
GM-RTR-ASU-001,ASUS ROG Rapture GT-BE19000AI (WiFi 7),Gaming,4799,4485,Noon,5610,1125,20.1,811,RAISE
GM-GPU-NVD-002,NVIDIA RTX 5080 Founders Edition (16GB),Hardware,6499,5826,Amazon.sa,7290,1464,20.1,791,RAISE
NG-DRN-002,DJI Avata 2 - Immersive FPV Drone with Goggles,Drones &amp; Robotics,4099,3903,Noon,4880,977,20.0,781,RAISE
NG-3DP-003,Creality K1 Max - Large Format 3D Printer at 600mm/s,3D Printing &amp; CNC,4199,3958,Amazon.sa,4950,992,20.0,751,RAISE
NT-NET-UBQ-001,Ubiquiti USW-Pro-24-PoE,Networking,3999,3800,Jarir,4750,950,20.0,751,RAISE
NT-FWL-FTN-001,Fortinet FortiGate 60F,Homelab,5499,4971,Amazon.sa,6220,1249,20.1,721,RAISE
GM-MON-SAM-002,"Samsung Odyssey G7 G70D (32"" 4K 144Hz)",Gaming,3499,3375,Jarir,4220,845,20.0,721,RAISE
GM-MON-DEL-001,"Dell Alienware AW2725DF (27"" QD-OLED 360Hz)",Gaming,5599,5024,Amazon.sa,6280,1256,20.0,681,RAISE
NG-3DP-005,Elegoo Saturn 3 Ultra - 12K Resin 3D Printer with 10-inch Screen,3D Printing &amp; CNC,3499,3329,Amazon.sa,4170,841,20.2,671,RAISE
NG-DRN-004,DJI RS 4 - 3-Axis Gimbal Stabilizer for Professional Cameras,Drones &amp; Robotics,3099,3009,Amazon.sa,3770,761,20.2,671,RAISE
GC-SW-ACC1,Adobe Creative Cloud 1 Year | أدوبي كرييتف كلاود,Gift Cards &amp; Software Keys,1999,2123,Noon,2660,537,20.2,661,RAISE
NG-DRN-005,Insta360 X4 - 8K 360-Degree Camera,Drones &amp; Robotics,3499,3288,Amazon.sa,4120,832,20.2,621,RAISE
GM-CHR-RAZ-001,Razer Iskur V2 NewGen,Gaming,3199,3053,Noon,3820,767,20.1,621,RAISE
NG-ACC-004,Seagate IronWolf 18TB NAS Internal Hard Drive - Built for 24/7 Performance,Hardware,2699,2648,Amazon.sa,3320,672,20.2,621,RAISE
NG-ENT-009,HPE ProLiant DL380 Gen10 Server (Refurbished) - Data Center Power at Smart Pricing,Homelab,6499,5662,Amazon.sa,7080,1418,20.0,581,RAISE
SH-RVC-DREM-001,Dreame L50 Ultra,Smart Home &amp; IoT,4599,4126,Jarir,5160,1034,20.0,561,RAISE
NG-3DP-008,Phrozen Sonic Mini 8K S - 22-Micron Pixel Resin 3D Printer,3D Printing &amp; CNC,2899,2764,Noon,3460,696,20.1,561,RAISE
NG-MKR-010,Elegoo Mars 4 Ultra Resin 3D Printer - 9K Resolution for Stunning Detail,Enthusiasts &amp; Gamers,2399,2355,Jarir,2950,595,20.2,551,RAISE
NG-MKR-007,Prusa Mini+ 3D Printer - Professional Precision in a Compact Package,Enthusiasts &amp; Gamers,3299,3055,Amazon.sa,3820,765,20.0,521,RAISE
NG-DRN-008,DJI Pocket 3 - Pocket-Sized Gimbal Camera with 1-Inch Sensor,Drones &amp; Robotics,2999,2811,Amazon.sa,3520,709,20.1,521,RAISE
NT-NET-MKT-004,MikroTik CRS312-4C+8XG-RM,Networking,2799,2637,Amazon.sa,3300,663,20.1,501,RAISE
NT-NET-MKT-003,MikroTik CRS328-24P-4S+RM (PoE),Networking,2699,2560,Noon,3200,640,20.0,501,RAISE
NG-DRN-003,DJI Osmo Action 5 Pro - 4K/120fps Waterproof Action Camera,Drones &amp; Robotics,2499,2397,Amazon.sa,3000,603,20.1,501,RAISE
NG-ENT-008,APC Smart-UPS 1500VA LCD RM 2U (SMT1500RMI2U) - Pure Sine Wave Rack UPS,Homelab,4899,4308,Amazon.sa,5390,1082,20.1,491,RAISE
NT-NAS-SYN-002,Synology DS925+ (4-Bay),Homelab,3499,3182,Amazon.sa,3980,798,20.1,481,RAISE
NG-SH-002,UniFi Protect G4 Pro Camera - 4K Ultra HD Surveillance Excellence,Smart Home &amp; IoT,2899,2688,Amazon.sa,3370,682,20.2,471,RAISE
NG-SEC-004,Ubiquiti UniFi Protect G4 Doorbell Pro - 5MP Smart Doorbell with Fingerprint Reader,Security &amp; Surveillance,2299,2213,Amazon.sa,2770,557,20.1,471,RAISE
NT-MPC-MNF-001,MinisForum MS-01 (Homelab Server),Homelab,3999,3554,Amazon.sa,4450,896,20.1,451,RAISE
NG-DRN-006,FIMI X8 Mini V2 - 4K Drone at 245g with Competitive Pricing,Drones &amp; Robotics,2399,2275,Noon,2850,575,20.2,451,RAISE
NG-ENT-003,Ubiquiti UniFi Dream Machine Pro (UDM-Pro) - All-in-One Enterprise Network Console,Homelab,3099,2794,Noon,3500,706,20.2,401,RAISE
NG-ACC-010,WD Red Plus 8TB NAS Hard Drive - Built for Always-On NAS Systems,Hardware,1449,1458,Amazon.sa,1830,372,20.3,381,RAISE
NT-UPS-APC-001,APC Smart-UPS SMT1500RM2UC (1500VA Rack),Homelab,4899,4203,Amazon.sa,5260,1057,20.1,361,RAISE
NT-NAS-QNP-001,QNAP TS-464-8G (4-Bay),Homelab,2799,2525,Amazon.sa,3160,635,20.1,361,RAISE
NG-NET-011,TP-Link Archer AXE75 - AXE5400 Tri-Band WiFi 6E Router,Networking,1299,1291,Amazon.sa,1620,329,20.3,321,RAISE
GM-CMP-NZX-001,NZXT H9 Elite Mid-Tower ATX Case,Hardware,1349,1320,Amazon.sa,1660,340,20.5,311,RAISE
SH-RVC-ECVX-001,Ecovacs Deebot X9 Pro Omni,Smart Home &amp; IoT,5699,4314,Amazon.sa,5400,1086,20.1,-299,LOWER
NG-ENT-010,Ubiquiti UniFi Switch Pro 24 PoE (USW-Pro-24-PoE) - Smart Managed PoE+ Switch,Homelab,4199,3586,Amazon.sa,4490,904,20.1,291,RAISE
NT-NAS-QNP-002,QNAP TS-262-4G (2-Bay),Homelab,1899,1751,Amazon.sa,2190,439,20.1,291,RAISE
NG-SH-001,Aqara Smart Door Lock A100 - Elite Security with Apple HomeKey Support,Smart Home &amp; IoT,1649,1538,Amazon.sa,1930,392,20.3,281,RAISE
NG-SEC-006,Ajax Hub 2 Plus - Professional Wireless Smart Alarm System,Security &amp; Surveillance,2499,2211,Amazon.sa,2770,559,20.2,271,RAISE
NG-GAM-006,SteelSeries Arctis Nova 7 - Multi-Platform Wireless Gaming Headset,Gaming,1199,1172,Amazon.sa,1470,298,20.3,271,RAISE
GM-KBD-KEY-001,Keychron K10 HE (Arabic Layout),Gaming,999,1012,Amazon.sa,1270,258,20.3,271,RAISE
GM-KBD-COR-001,Corsair K70 MAX RGB,Gaming,1299,1242,Noon,1560,318,20.4,261,RAISE
GM-MOU-RAZ-001,Razer DeathAdder V4 Pro (57g Wireless),Gaming,1149,1125,Amazon.sa,1410,285,20.2,261,RAISE
NG-3DP-007,Creality Sonic Pad - Klipper Tablet to Supercharge Your 3D Printer,3D Printing &amp; CNC,1049,1046,Amazon.sa,1310,264,20.2,261,RAISE
NG-ENT-007,MikroTik CRS326-24G-2S+RM 24-Port Managed Gigabit Switch with 10G SFP+,Homelab,1649,1514,Amazon.sa,1900,386,20.3,251,RAISE
NT-NET-MKT-002,MikroTik CRS326-24G-2S+RM,Networking,1199,1154,Jarir,1450,296,20.4,251,RAISE
NT-FWL-NGT-001,Netgate 4200 MAX pfSense+ Gateway,Homelab,3399,2904,Amazon.sa,3640,736,20.2,241,RAISE
NT-UPS-APC-002,APC Back-UPS Pro BX1500M (Tower),Homelab,1599,1469,Amazon.sa,1840,371,20.2,241,RAISE
GM-KBD-RAZ-001,Razer Huntsman V3 Pro TKL,Gaming,1349,1265,Amazon.sa,1590,325,20.4,241,RAISE
NT-NAS-SYN-001,Synology DS225+ (2-Bay),Homelab,2099,1864,Amazon.sa,2330,466,20.0,231,RAISE
NG-GAM-012,Elgato Wave:3 - Premium USB Condenser Microphone for Streaming,Gaming,1149,1104,Amazon.sa,1380,276,20.0,231,RAISE
NG-MKR-002,Raspberry Pi 5 Ultimate Starter Kit - Everything You Need in One Box,Hardware,1149,1097,Noon,1380,283,20.5,231,RAISE
NG-GAM-010,BenQ Zowie XL2546K - 240Hz Esports Gaming Monitor,Gaming,2999,2575,Amazon.sa,3220,645,20.0,221,RAISE
NG-ENT-004,UniFi 6 Long-Range (U6-LR) - High-Performance WiFi 6 Access Point,Homelab,1649,1490,Noon,1870,380,20.3,221,RAISE
NT-WAP-UBQ-002,Ubiquiti UniFi U7 Pro,Networking,1399,1289,Amazon.sa,1620,331,20.4,221,RAISE
GM-CTR-SON-001,Sony DualSense Edge Controller,Gaming,1349,1255,Amazon.sa,1570,315,20.1,221,RAISE
NG-GAM-005,Elgato HD60 X - External Capture Card for Streaming and Recording,Gaming,1249,1169,Amazon.sa,1470,301,20.5,221,RAISE
NT-POE-UBQ-001,Ubiquiti USW-Lite-8-PoE,Networking,849,854,Noon,1070,216,20.2,221,RAISE
NG-ENT-005,Asustor Flashstor 6 (FS6706T) - All-NVMe SSD NAS for Extreme Performance,Homelab,3099,2644,Amazon.sa,3310,666,20.1,211,RAISE
GM-HST-HPX-001,HyperX Cloud Alpha Wireless (300hr),Gaming,1199,1125,Amazon.sa,1410,285,20.2,211,RAISE
GM-CAP-ELG-001,Elgato HD60 X Capture Card,Gaming,1099,1048,Amazon.sa,1310,262,20.0,211,RAISE
NT-UPS-CYB-001,CyberPower OR1500LCDRM1U (1500VA 1U),Homelab,2099,1835,Amazon.sa,2300,465,20.2,201,RAISE
NG-MKR-001,Raspberry Pi 5 8GB - The New Standard in Single Board Computing,Hardware,899,879,Amazon.sa,1100,221,20.1,201,RAISE
SH-RVC-RBRC-001,Roborock Qrevo CurvX,Smart Home &amp; IoT,4599,3828,Amazon.sa,4790,962,20.1,191,RAISE
NG-GAM-004,Razer BlackWidow V4 75% - Compact Mechanical Gaming Keyboard,Gaming,1199,1108,Amazon.sa,1390,282,20.3,191,RAISE
GM-HST-STS-001,SteelSeries Arctis Nova 7 Wireless,Gaming,1149,1066,Noon,1340,274,20.4,191,RAISE
NG-MKR-009,ESP32-S3 DevKit 10-Pack - Wi-Fi + Bluetooth 5 Microcontroller for Smart Projects,Hardware,699,707,Noon,890,183,20.5,191,RAISE
NG-ENT-006,Synology DiskStation DS1621+ 6-Bay NAS - Enterprise Storage Powerhouse,Homelab,5599,4621,Amazon.sa,5780,1159,20.0,181,RAISE
NG-NET-002,TP-Link Deco XE75 (3-Pack) - AXE5400 WiFi 6E Whole-Home Mesh System,Networking,2099,1817,Amazon.sa,2280,463,20.3,181,RAISE
NG-NET-003,Ubiquiti UniFi Switch Lite 16 PoE - 16-Port Managed Gigabit PoE+ Switch,Networking,1399,1261,Amazon.sa,1580,319,20.2,181,RAISE
NG-ACC-006,"Samsung T7 Shield 2TB Portable SSD - Rugged, Fast, and Secure",Hardware,1299,1182,Amazon.sa,1480,298,20.1,181,RAISE
NG-SEC-002,Reolink Argus 4 Pro - Solar-Powered Wireless 4K Security Camera,Security &amp; Surveillance,1199,1102,Amazon.sa,1380,278,20.1,181,RAISE
GM-STR-HPX-001,HyperX QuadCast S USB Microphone,Gaming,949,900,Amazon.sa,1130,230,20.3,181,RAISE
NT-WAP-TPL-002,TP-Link Omada EAP650,Networking,799,779,Noon,980,201,20.5,181,RAISE
NG-3DP-001,Bambu Lab P1S 3D Printer - Blazing Speed and Pro Quality in an Enclosed Design,3D Printing &amp; CNC,5099,4211,Amazon.sa,5270,1059,20.1,171,RAISE
GM-CTR-MSF-001,Xbox Elite Controller Series 2 Core,Gaming,1149,1054,Amazon.sa,1320,266,20.2,171,RAISE
GM-HST-RAZ-001,Razer BlackShark V2 Pro 2023,Gaming,999,935,Amazon.sa,1170,235,20.1,171,RAISE
NT-WAP-UBQ-001,Ubiquiti UniFi U6 Pro,Networking,999,931,Amazon.sa,1170,239,20.4,171,RAISE
NT-NET-MKT-001,MikroTik CRS305-1G-4S+IN,Networking,999,935,Noon,1170,235,20.1,171,RAISE
NG-GAM-009,Corsair K70 RGB Pro - Legendary Mechanical Gaming Keyboard,Gaming,999,932,Amazon.sa,1170,238,20.3,171,RAISE
NG-GAM-003,HyperX Cloud III Wireless - Premium Wireless Gaming Headset,Gaming,999,934,Noon,1170,236,20.2,171,RAISE
GM-CMP-COR-001,Corsair iCUE H150i RGB Elite (360mm AIO),Hardware,1149,1043,Amazon.sa,1310,267,20.4,161,RAISE
GM-CAP-AVR-001,AVerMedia Live Gamer Ultra S,Gaming,1049,962,Amazon.sa,1210,248,20.5,161,RAISE
NG-NET-012,Ubiquiti UniFi Cloud Gateway Ultra - All-in-One UniFi Gateway,Networking,899,848,Noon,1060,212,20.0,161,RAISE
NG-GAM-007,8BitDo Arcade Stick - Authentic Arcade Experience at Home,Gaming,799,762,Noon,960,198,20.7,161,RAISE
GM-KBD-LOG-001,Logitech G Pro X TKL LIGHTSPEED,Gaming,1199,1075,Amazon.sa,1350,275,20.4,151,RAISE
NG-GAM-002,Razer DeathAdder V3 HyperSpeed - Ultra-Light Wireless Gaming Mouse,Gaming,849,797,Noon,1000,203,20.3,151,RAISE
NG-ENT-001,"Dell PowerEdge R730 Refurbished Server - Enterprise Power, Smart Investment",Homelab,8099,6354,Amazon.sa,7950,1596,20.1,-149,LOWER
NT-CBL-GEN-001,Cat6a Shielded Bulk Cable (305m),Networking,849,789,Noon,990,201,20.3,141,RAISE
NG-MKR-006,Arduino Mega 2560 Rev3 - The Ultimate Microcontroller Board for Advanced Projects,Hardware,549,547,Jarir,690,143,20.7,141,RAISE
NG-MKR-008,Creality Ender-3 V3 SE - The Best Entry-Level 3D Printer,Enthusiasts &amp; Gamers,1199,1059,Amazon.sa,1330,271,20.4,131,RAISE
NT-MPC-BLK-002,Beelink EQ12 (Intel N100),Homelab,999,904,Amazon.sa,1130,226,20.0,131,RAISE
GM-STR-ELG-001,Elgato Stream Deck MK.2,Gaming,949,860,Amazon.sa,1080,220,20.4,131,RAISE
GC-NFX-100,Netflix Gift Card $100 | بطاقة نتفلكس,Gift Cards &amp; Software Keys,389,411,Jarir,520,109,20.9,131,RAISE
NG-MKR-005,Elgato Stream Deck MK.2 - Professional Productivity Console with 15 LCD Keys,Enthusiasts &amp; Gamers,1249,1093,Amazon.sa,1370,277,20.2,121,RAISE
NG-NET-004,MikroTik CRS305-1G-4S+IN - 4-Port 10G SFP+ Desktop Switch,Networking,1149,1016,Amazon.sa,1270,254,20.0,121,RAISE
GC-APL-100,Apple Gift Card $100 | بطاقة آبل,Gift Cards &amp; Software Keys,389,403,Noon,510,107,21.0,121,RAISE
NG-MKR-004,Meta Quest 3 128GB - The Most Powerful Mixed Reality Headset,Enthusiasts &amp; Gamers,3299,2724,Amazon.sa,3410,686,20.1,111,RAISE
NG-SEC-003,Hikvision DS-2CD2143G2-I - 4MP AcuSense Dome Camera,Security &amp; Surveillance,749,687,Amazon.sa,860,173,20.1,111,RAISE
SH-SPK-APPL-001,Apple HomePod Mini,Smart Home &amp; IoT,699,647,Noon,810,163,20.2,111,RAISE
GC-SW-OFF24,Microsoft Office 2024 Pro Plus | أوفيس 2024 برو,Gift Cards &amp; Software Keys,349,364,Amazon.sa,460,96,21.0,111,RAISE
SH-LGT-PHUE-002,Philips Hue Gradient Lightstrip (2m),Smart Home &amp; IoT,1149,828,Amazon.sa,1040,212,20.4,-109,LOWER
SH-LCK-YALE-001,Yale Assure Lock 2 Wi-Fi,Smart Home &amp; IoT,1549,1319,Amazon.sa,1650,331,20.1,101,RAISE
NG-SEC-007,Eufy Video Doorbell S330 - Dual Camera Smart Doorbell (2K + Package Cam),Security &amp; Surveillance,1449,1232,Noon,1550,318,20.5,101,RAISE
GM-MOU-LOG-001,Logitech G Pro X Superlight 2 DEX,Gaming,1099,954,Amazon.sa,1200,246,20.5,101,RAISE
NG-NET-005,Ubiquiti UniFi 6 Lite - WiFi 6 Access Point (AX1500),Networking,849,754,Amazon.sa,950,196,20.6,101,RAISE
GM-RGB-GOV-001,Govee DreamView G1 Pro Gaming Light,Gaming,749,674,Amazon.sa,850,176,20.7,101,RAISE
SH-HUB-HASS-001,Home Assistant Green,Smart Home &amp; IoT,699,633,Noon,800,167,20.8,101,RAISE
NG-SEC-001,Reolink RLC-810A - 4K PoE AI Security Camera,Security &amp; Surveillance,549,520,Jarir,650,130,20.0,101,RAISE
GM-PGA-JSA-001,JSAUX 6-in-1 Dock (Steam Deck/ROG Ally),Gaming,459,442,Amazon.sa,560,118,21.1,101,RAISE
SH-LGT-PHUE-001,Philips Hue Starter Kit (3x A19 + Bridge),Smart Home &amp; IoT,899,632,Amazon.sa,800,168,20.9,-99,LOWER
NG-ACC-003,Mark Ryden Anti-theft Laptop Backpack - Maximum Protection for Your Tech,Accessories &amp; Lifestyle,409,244,Amazon.sa,310,66,21.3,-99,LOWER
NG-ENT-002,Asustor Lockerstor 4 (AS6604T) - Professional 4-Bay NAS for Creators,Homelab,3099,2548,Amazon.sa,3190,642,20.1,91,RAISE
NG-MKR-003,Keychron Q1 - Premium Full Aluminum Custom Mechanical Keyboard,Enthusiasts &amp; Gamers,1449,1226,Amazon.sa,1540,314,20.4,91,RAISE
GM-MOU-RAZ-002,Razer Viper V3 Pro (54g Wireless),Gaming,1049,910,Amazon.sa,1140,230,20.2,91,RAISE
NG-NET-008,MikroTik hEX S (RB760iGS) - 5-Port Gigabit Router with SFP and USB,Networking,649,588,Amazon.sa,740,152,20.5,91,RAISE
NT-WAP-TPL-001,TP-Link Omada EAP610,Networking,599,550,Amazon.sa,690,140,20.2,91,RAISE
NG-SH-007,SwitchBot Curtain 3 (W2400000) - Turn Any Curtain Smart in Minutes,Smart Home &amp; IoT,549,505,Amazon.sa,640,135,21.1,91,RAISE
NG-ACC-002,Anker 735 GaN 65W Charger - Compact 3-Port Fast Charger,Accessories &amp; Lifestyle,379,228,Amazon.sa,290,62,21.5,-89,LOWER
SH-CAM-EUFY-001,Eufy eufyCam 3 (4K + HomeBase 3 Kit),Smart Home &amp; IoT,1649,1383,Noon,1730,347,20.1,81,RAISE
SH-LCK-AQRA-001,Aqara Smart Lock U200,Smart Home &amp; IoT,1249,1060,Amazon.sa,1330,270,20.3,81,RAISE
NG-NET-001,MikroTik hAP ax3 - WiFi 6 Router with RouterOS Power,Networking,799,703,Amazon.sa,880,177,20.1,81,RAISE
NG-SH-006,Aqara Hub M2 (HM2-G01) - Multi-Protocol Smart Home Gateway,Smart Home &amp; IoT,499,463,Noon,580,117,20.3,81,RAISE
NT-POE-TPL-001,TP-Link TL-SG1005P 5-Port PoE,Networking,299,300,Jarir,380,80,20.9,81,RAISE
SH-THR-NEST-001,Google Nest Learning Thermostat (4th Gen),Smart Home &amp; IoT,1699,1295,Amazon.sa,1620,325,20.0,-79,LOWER
SH-LCK-AUGS-001,August Wi-Fi Smart Lock (4th Gen),Smart Home &amp; IoT,1299,972,Amazon.sa,1220,248,20.3,-79,LOWER
NT-FWL-NGT-002,Netgate 2100 MAX pfSense+ Gateway,Homelab,2499,2054,Amazon.sa,2570,516,20.1,71,RAISE
SH-VDB-EUFY-001,Eufy Video Doorbell E340 (Dual Camera),Smart Home &amp; IoT,999,852,Amazon.sa,1070,218,20.4,71,RAISE
NG-3DP-006,BIQU H2 V2S Direct Drive Extruder - Lightweight Upgrade for Your 3D Printer,3D Printing &amp; CNC,599,536,Amazon.sa,670,134,20.0,71,RAISE
NG-NET-007,Ubiquiti EdgeRouter X - Advanced Gigabit Router in a Pocket-Sized Form,Networking,549,489,Amazon.sa,620,131,21.1,71,RAISE
GC-PSN-50,PlayStation Store $50 Gift Card | بطاقة بلايستيشن,Gift Cards &amp; Software Keys,199,209,Amazon.sa,270,61,22.7,71,RAISE
NG-CBL-002,Anker USB-C Hub 7-in-1 - Multi-Port Adapter for Laptops,Cables &amp; Adapters,349,218,Amazon.sa,280,62,22.1,-69,LOWER
NG-3DP-002,Bambu Lab AMS - Automatic Material System for Multi-Color 3D Printing,3D Printing &amp; CNC,1949,1602,Amazon.sa,2010,408,20.3,61,RAISE
NT-MPC-DEL-001,Dell OptiPlex 7070 Micro (Refurb),Homelab,1549,1282,Amazon.sa,1610,328,20.4,61,RAISE
SH-CAM-ARLO-001,Arlo Pro 5 2K Spotlight Camera,Smart Home &amp; IoT,1549,1284,Noon,1610,326,20.3,61,RAISE
NT-SRV-STC-001,StarTech RK12WALLOA 12U Wall-Mount Rack,Homelab,1399,1165,Amazon.sa,1460,295,20.2,61,RAISE
NG-GAM-008,Razer Basilisk V3 X HyperSpeed - Versatile Wireless Gaming Mouse,Gaming,649,562,Amazon.sa,710,148,20.9,61,RAISE
NT-KVM-TES-001,TESmart HKS0401A1U 4-Port HDMI KVM,Homelab,599,523,Amazon.sa,660,137,20.7,61,RAISE
GM-RGB-COR-001,Corsair iCUE LC100 Lighting Panels,Gaming,549,481,Amazon.sa,610,129,21.1,61,RAISE
NG-NET-010,Ubiquiti UniFi USW-Flex-Mini - Ultra-Compact 5-Port Managed Switch,Networking,219,219,Amazon.sa,280,61,21.8,61,RAISE
GC-STM-50,Steam Wallet $50 Gift Card | بطاقة ستيم,Gift Cards &amp; Software Keys,199,207,Amazon.sa,260,53,20.5,61,RAISE
GC-SW-WIN11,Windows 11 Pro License Key | مفتاح ويندوز 11 برو,Gift Cards &amp; Software Keys,199,207,Amazon.sa,260,53,20.2,61,RAISE
SH-THR-ECOB-001,Ecobee Smart Thermostat Premium,Smart Home &amp; IoT,1549,1187,Amazon.sa,1490,303,20.3,-59,LOWER
SH-BLD-IKEA-001,IKEA FYRTUR Blackout Smart Roller Blind,Smart Home &amp; IoT,949,710,Amazon.sa,890,180,20.2,-59,LOWER
NT-KVM-ATN-001,ATEN CS1924M 4-Port DP KVM,Homelab,2399,1958,Amazon.sa,2450,492,20.1,51,RAISE
NG-ACC-005,Flipper Zero - The Ultimate Multi-Tool for Geeks and Cyber-Research,Accessories &amp; Lifestyle,1799,1475,Amazon.sa,1850,375,20.3,51,RAISE
NG-GAM-011,SteelSeries QcK Heavy XXL - Extra-Large Gaming Mouse Pad,Gaming,289,268,Noon,340,72,21.1,51,RAISE
NG-NET-009,Netgear GS308E - 8-Port Gigabit Plus Smart Managed Switch,Networking,209,204,Noon,260,56,21.6,51,RAISE
GC-GP-50,Google Play $50 Gift Card | بطاقة قوقل بلاي,Gift Cards &amp; Software Keys,199,199,Amazon.sa,250,51,20.5,51,RAISE
GC-XBX-GPU3,Xbox Game Pass Ultimate 3 Months | قيم باس,Gift Cards &amp; Software Keys,149,154,Noon,200,46,23.2,51,RAISE
GC-SW-KTS1,Kaspersky Total Security 1 Year | كاسبرسكي,Gift Cards &amp; Software Keys,119,129,Amazon.sa,170,41,24.1,51,RAISE
SH-VDB-RING-001,Ring Battery Doorbell Plus,Smart Home &amp; IoT,999,752,Amazon.sa,950,198,20.8,-49,LOWER
SH-HUB-AQRA-001,Aqara Hub M3,Smart Home &amp; IoT,899,678,Amazon.sa,850,172,20.2,-49,LOWER
SH-CAM-RING-001,Ring Indoor Cam (2nd Gen),Smart Home &amp; IoT,479,341,Amazon.sa,430,89,20.8,-49,LOWER
NG-ACC-009,Ugreen Nexode 100W GaN Charger - 4-Port Gallium Nitride Fast Charger,Accessories &amp; Lifestyle,439,308,Amazon.sa,390,82,21.1,-49,LOWER
NG-3DP-004,eSUN PLA+ Filament 10-Color Pack - 10kg Total for 3D Printing,3D Printing &amp; CNC,1299,1066,Amazon.sa,1340,274,20.4,41,RAISE
SH-SPK-GGLE-001,Google Nest Audio,Smart Home &amp; IoT,699,589,Amazon.sa,740,151,20.4,41,RAISE
SH-BLD-SWBT-001,SwitchBot Curtain 3,Smart Home &amp; IoT,649,549,Noon,690,141,20.5,41,RAISE
SH-LGT-GOVE-001,Govee RGBIC LED Strip M1 (5m),Smart Home &amp; IoT,399,344,Amazon.sa,440,96,21.8,41,RAISE
NG-GAM-001,8BitDo Ultimate C Bluetooth Controller - Multi-Platform Gaming,Gaming,309,275,Amazon.sa,350,75,21.4,41,RAISE
NT-SRV-CBM-001,Cable Matters 24-Port Cat6 Patch Panel (1U),Homelab,239,219,Amazon.sa,280,61,21.7,41,RAISE
NG-NET-006,TP-Link TL-SG108E - 8-Port Gigabit Easy Smart Managed Switch,Networking,229,216,Amazon.sa,270,54,20.2,41,RAISE
NG-ACC-001,Baseus Blade 100W Power Bank - Ultra-Slim Laptop Portable Charger,Accessories &amp; Lifestyle,499,362,Amazon.sa,460,98,21.2,-39,LOWER
NG-CBL-003,Cable Matters Thunderbolt 4 Cable (2m) - 40Gbps with 100W Charging,Cables &amp; Adapters,419,297,Amazon.sa,380,83,22.0,-39,LOWER
NG-SH-010,Eve Energy Smart Plug (Matter/Thread) - Next-Gen Smart Plug with Power Monitoring,Smart Home &amp; IoT,399,286,Amazon.sa,360,74,20.5,-39,LOWER
NG-SH-003,Broadlink RM4 Pro - Universal Smart Remote for IR &amp; RF Devices,Smart Home &amp; IoT,359,252,Amazon.sa,320,68,21.2,-39,LOWER
SH-LGT-GOVE-002,Govee Glide Hexagon Light Panels Ultra (10-pack),Smart Home &amp; IoT,1299,1064,Amazon.sa,1330,266,20.0,31,RAISE
NG-SH-012,Aqara Roller Shade Driver E1 (RSD-M01) - Smart Roller Blind Motor with HomeKit,Smart Home &amp; IoT,599,497,Noon,630,133,21.1,31,RAISE
NG-SH-004,Aqara Water Leak Sensor - Safeguard Your Home from Water Damage,Smart Home &amp; IoT,219,198,Amazon.sa,250,52,20.6,31,RAISE
NT-CBL-FSC-001,10G SFP+ DAC Twinax Cable (1m),Networking,139,129,Noon,170,41,24.4,31,RAISE
NG-SEC-005,Reolink 16-Channel PoE NVR (RLN16-410) - 4K Network Video Recorder,Security &amp; Surveillance,1599,1255,Amazon.sa,1570,315,20.1,-29,LOWER
SH-DSP-AMZN-001,Amazon Echo Show 8 (3rd Gen),Smart Home &amp; IoT,999,768,Amazon.sa,970,202,20.8,-29,LOWER
SH-CAM-RELK-001,Reolink Argus 4 Pro (4K),Smart Home &amp; IoT,899,693,Amazon.sa,870,177,20.4,-29,LOWER
SH-SWB-SWBT-001,SwitchBot Hub 2 (Matter Enabled),Smart Home &amp; IoT,479,358,Amazon.sa,450,92,20.5,-29,LOWER
SH-DSP-GGLE-001,Google Nest Hub (2nd Gen),Smart Home &amp; IoT,699,572,Noon,720,148,20.6,21,RAISE
NG-SH-011,SwitchBot Bot (S1) - Robotic Finger That Makes Any Button Smart,Smart Home &amp; IoT,279,239,Amazon.sa,300,61,20.5,21,RAISE
NG-SH-009,Aqara Motion Sensor P1 (MS-S02) - Wide-Angle 170° Smart PIR Sensor,Smart Home &amp; IoT,279,239,Amazon.sa,300,61,20.3,21,RAISE
NG-SH-005,Sonoff TX Ultimate (T5) Smart Wall Switch - Interactive Elegance with RGB,Smart Home &amp; IoT,269,227,Amazon.sa,290,63,21.6,21,RAISE
NG-CBL-007,DAC SFP+ 10G Direct Attach Cable (3m) - Direct Switch-to-Switch Connection,Cables &amp; Adapters,229,192,Amazon.sa,250,58,23.0,21,RAISE
SH-PLG-TPLK-001,"TP-Link Tapo P125M Smart Plug (Matter, 2-pack)",Smart Home &amp; IoT,149,131,Noon,170,39,22.7,21,RAISE
NT-SFP-FSC-001,FS.com 10GBASE-SR SFP+ Transceiver,Networking,129,117,Amazon.sa,150,33,22.2,21,RAISE
NT-MPC-BLK-001,Beelink SER7 (Ryzen 7 7735HS),Homelab,2399,1901,Amazon.sa,2380,479,20.1,-19,LOWER
NG-SH-013,Zemismart Zigbee Smart Tubular Motor (ZM25TQ) - Heavy-Duty Roller Blind Motor,Smart Home &amp; IoT,699,536,Amazon.sa,680,144,21.1,-19,LOWER
SH-SWB-SWBT-002,SwitchBot Bot (Smart Button Pusher),Smart Home &amp; IoT,239,176,Amazon.sa,220,44,20.1,-19,LOWER
SH-HUB-HUBI-001,Hubitat Elevation C-8 Pro,Smart Home &amp; IoT,1199,964,Amazon.sa,1210,246,20.3,11,RAISE
SH-SPK-AMZN-001,Amazon Echo (4th Gen),Smart Home &amp; IoT,699,565,Amazon.sa,710,145,20.5,11,RAISE
NT-SRV-NVP-001,NavePoint 1U Cantilever Rack Shelf,Homelab,249,202,Amazon.sa,260,58,22.4,11,RAISE
NG-CBL-006,Ugreen 5-in-1 USB-C Dock - HDMI 4K + Ethernet + USB 3.0,Cables &amp; Adapters,249,205,Amazon.sa,260,55,21.1,11,RAISE
NG-SH-008,Shelly Plus 1PM - Smart Wi-Fi Relay with Power Monitoring,Smart Home &amp; IoT,189,158,Amazon.sa,200,42,21.0,11,RAISE
NG-SH-015,Sonoff SNZB-02D Zigbee Temperature &amp; Humidity Sensor with LCD Display,Smart Home &amp; IoT,159,128,Noon,170,42,24.7,11,RAISE
NG-ACC-007,Anker PowerConf S330 USB Speakerphone - Smart Noise-Canceling Conference Speaker,Accessories &amp; Lifestyle,599,466,Amazon.sa,590,124,21.0,-9,LOWER
SH-SPK-AMZN-002,Amazon Echo Dot (5th Gen),Smart Home &amp; IoT,399,311,Amazon.sa,390,79,20.3,-9,LOWER
SH-LGT-LIFX-001,LIFX Color A19 1100lm Bulb,Smart Home &amp; IoT,279,215,Amazon.sa,270,55,20.3,-9,LOWER
SH-PLG-MERS-001,Meross Smart Plug Mini MSS110 (HomeKit),Smart Home &amp; IoT,159,116,Amazon.sa,150,34,22.6,-9,LOWER
NG-CBL-005,Baseus USB-C 100W Charging Cable (2m) - Fast Charge for Laptops and Phones,Cables &amp; Adapters,109,76,Amazon.sa,100,24,23.6,-9,LOWER
SH-SWB-SWBT-003,SwitchBot Blind Tilt,Smart Home &amp; IoT,479,377,Amazon.sa,480,103,21.5,1,KEEP
NG-SH-014,MOES Zigbee Smart Thermostat (BHT-002-GCLZB) - Programmable HVAC Control,Smart Home &amp; IoT,379,301,Amazon.sa,380,79,20.8,1,KEEP
NG-CBL-008,HDMI 2.1 8K Fiber Optic Cable (10m) - Zero Signal Loss,Cables &amp; Adapters,359,285,Noon,360,75,20.9,1,KEEP
NG-CBL-001,Ugreen USB-C to HDMI 2.1 Cable (2m) - 8K@60Hz Output,Cables &amp; Adapters,219,174,Amazon.sa,220,46,20.7,1,KEEP
NG-CBL-004,Ugreen Cat 8 Ethernet Cable (5m) - 40Gbps Network Cable,Cables &amp; Adapters,149,118,Noon,150,32,21.2,1,KEEP
