SKU,Name,Category,NeoGen_List_SAR,Microless_Price,Microless_Raw,Microless_URL,Jarir_Price,Jarir_Raw,Jarir_URL,eXtra_Price,eXtra_Raw,eXtra_URL,Best_Price_SAR
NT-KVM-ATN-001,ATEN CS1924M 4-Port DP KVM,Homelab,2399,,(no price element matched),https://saudi.microless.com/search/?q=ATEN%20CS1924M%204-Port%20DP%20KVM,,"error: page.goto: Timeout 25000ms exceeded.
Call log:
[2m  - navig",https://www.jarir.com/sa-en/catalogsearch/result/?q=ATEN%20CS1924M%204-Port%20DP%20KVM,,(no price element matched),https://www.extra.com/en-sa/search/?text=ATEN%20CS1924M%204-Port%20DP%20KVM,
NT-KVM-TES-001,TESmart HKS0401A1U 4-Port HDMI KVM,Homelab,689,,(no price element matched),https://saudi.microless.com/search/?q=TESmart%20HKS0401A1U%204-Port%20HDMI%20KVM,5699,"SR
5,699",https://www.jarir.com/sa-en/catalogsearch/result/?q=TESmart%20HKS0401A1U%204-Port%20HDMI%20KVM,,(no price element matched),https://www.extra.com/en-sa/search/?text=TESmart%20HKS0401A1U%204-Port%20HDMI%20KVM,5699
NT-SRV-CBM-001,Cable Matters 24-Port Cat6 Patch Panel (1U),Homelab,239,,(no price element matched),https://saudi.microless.com/search/?q=Cable%20Matters%2024-Port%20Cat6%20Patch%20Panel%20(1U),,"error: page.goto: Timeout 25000ms exceeded.
Call log:
[2m  - navig",https://www.jarir.com/sa-en/catalogsearch/result/?q=Cable%20Matters%2024-Port%20Cat6%20Patch%20Panel%20(1U),,(no price element matched),https://www.extra.com/en-sa/search/?text=Cable%20Matters%2024-Port%20Cat6%20Patch%20Panel%20(1U),
NT-UPS-APC-002,APC Back-UPS Pro BX1500M (Tower),Homelab,1839,,(no price element matched),https://saudi.microless.com/search/?q=APC%20Back-UPS%20Pro%20BX1500M%20(Tower),,"error: page.goto: Timeout 25000ms exceeded.
Call log:
[2m  - navig",https://www.jarir.com/sa-en/catalogsearch/result/?q=APC%20Back-UPS%20Pro%20BX1500M%20(Tower),,(no price element matched),https://www.extra.com/en-sa/search/?text=APC%20Back-UPS%20Pro%20BX1500M%20(Tower),
NT-UPS-APC-001,APC Smart-UPS SMT1500RM2UC (1500VA Rack),Homelab,4899,,(no price element matched),https://saudi.microless.com/search/?q=APC%20Smart-UPS%20SMT1500RM2UC%20(1500VA%20Rack),,(no price element matched),https://www.jarir.com/sa-en/catalogsearch/result/?q=APC%20Smart-UPS%20SMT1500RM2UC%20(1500VA%20Rack),,(no price element matched),https://www.extra.com/en-sa/search/?text=APC%20Smart-UPS%20SMT1500RM2UC%20(1500VA%20Rack),
SH-HUB-HUBI-001,Hubitat Elevation C-8 Pro,Smart Home & IoT,1199,,(no price element matched),https://saudi.microless.com/search/?q=Hubitat%20Elevation%20C-8%20Pro,,"error: page.goto: Timeout 25000ms exceeded.
Call log:
[2m  - navig",https://www.jarir.com/sa-en/catalogsearch/result/?q=Hubitat%20Elevation%20C-8%20Pro,,(no price element matched),https://www.extra.com/en-sa/search/?text=Hubitat%20Elevation%20C-8%20Pro,
SH-LGT-LIFX-001,LIFX Color A19 1100lm Bulb,Smart Home & IoT,329,,(no price element matched),https://saudi.microless.com/search/?q=LIFX%20Color%20A19%201100lm%20Bulb,,"error: page.goto: Timeout 25000ms exceeded.
Call log:
[2m  - navig",https://www.jarir.com/sa-en/catalogsearch/result/?q=LIFX%20Color%20A19%201100lm%20Bulb,,(no price element matched),https://www.extra.com/en-sa/search/?text=LIFX%20Color%20A19%201100lm%20Bulb,
NG-ENT-008,APC Smart-UPS 1500VA LCD RM 2U (SMT1500RMI2U) - Pure Sine Wave Rack UPS,Homelab,4899,,(no price element matched),https://saudi.microless.com/search/?q=APC%20Smart-UPS%201500VA%20LCD%20RM%202U%20(SMT1500RMI2U)%20-%20Pure%20Sine%20Wave%20Rack%20UPS,,"error: page.goto: Timeout 25000ms exceeded.
Call log:
[2m  - navig",https://www.jarir.com/sa-en/catalogsearch/result/?q=APC%20Smart-UPS%201500VA%20LCD%20RM%202U%20(SMT1500RMI2U)%20-%20Pure%20Sine%20Wave%20Rack%20UPS,,(no price element matched),https://www.extra.com/en-sa/search/?text=APC%20Smart-UPS%201500VA%20LCD%20RM%202U%20(SMT1500RMI2U)%20-%20Pure%20Sine%20Wave%20Rack%20UPS,
