sku,name,category,price_sar,status,store_url,brand,brand_url,trend_keyword,trend_avg,trend_peak,trend_latest,trend_direction,last_checked
NG-3DP-008,Phrozen Sonic Mini 8K S - 22-Micron Pixel Resin 3D Printer,3D Printing&Cnc,2899,publish,https://neogen.store/product/phrozen-sonic-mini-8k-s-22-micron-pixel-resin-3d-printer/,Phrozen,,Phrozen Sonic Mini 8K,,,,,
NG-3DP-007,Creality Sonic Pad - Klipper Tablet to Supercharge Your 3D Printer,3D Printing&Cnc,1049,publish,https://neogen.store/product/creality-sonic-pad-klipper-tablet-to-supercharge-your-3d-printer/,Creality,https://creality.com,Creality Sonic Pad -,,,,,
NG-3DP-006,BIQU H2 V2S Direct Drive Extruder - Lightweight Upgrade for Your 3D Printer,3D Printing&Cnc,599,publish,https://neogen.store/product/biqu-h2-v2s-direct-drive-extruder-lightweight-upgrade-for-your-3d-printer/,BIQU,,BIQU H2 V2S Direct,,,,,
NG-3DP-005,Elegoo Saturn 3 Ultra - 12K Resin 3D Printer with 10-inch Screen,3D Printing&Cnc,3499,publish,https://neogen.store/product/elegoo-saturn-3-ultra-12k-resin-3d-printer-with-10-inch-screen/,Elegoo,,Elegoo Saturn 3 Ultra,,,,,
NG-3DP-004,eSUN PLA+ Filament 10-Color Pack - 10kg Total for 3D Printing,3D Printing&Cnc,1299,publish,https://neogen.store/product/esun-pla-filament-10-color-pack-10kg-total-for-3d-printing/,eSUN,,eSUN PLA+ Filament 10-Color,,,,,
NG-3DP-003,Creality K1 Max - Large Format 3D Printer at 600mm/s,3D Printing&Cnc,4199,publish,https://neogen.store/product/creality-k1-max-large-format-3d-printer-at-600mm-s/,Creality,https://creality.com,Creality K1 Max -,,,,,
NG-3DP-002,Bambu Lab AMS - Automatic Material System for Multi-Color 3D Printing,3D Printing&Cnc,1949,publish,https://neogen.store/product/bambu-lab-ams-automatic-material-system-for-multi-color-3d-printing/,Bambu,https://bambulab.com,Bambu Lab AMS -,,,,,
NG-3DP-001,Bambu Lab P1S 3D Printer - Blazing Speed and Pro Quality in an Enclosed Design,3D Printing&Cnc,5099,publish,https://neogen.store/product/bambu-lab-p1s-3d-printer-blazing-speed-and-pro-quality-in-an-enclosed-design/,Bambu,https://bambulab.com,Bambu Lab P1S 3D,,,,,
NG-ACC-009,Ugreen Nexode 100W GaN Charger - 4-Port Gallium Nitride Fast Charger,Accessories&Lifestyle,439,publish,https://neogen.store/product/ugreen-nexode-100w-gan-charger-4-port-gallium-nitride-fast-charger/,Ugreen,,Ugreen Nexode 100W GaN,,,,,
NG-ACC-008,CalDigit TS4 Thunderbolt 4 Dock - 18-Port Professional Docking Station,Accessories&Lifestyle,2899,publish,https://neogen.store/product/caldigit-ts4-thunderbolt-4-dock-18-port-professional-docking-station/,CalDigit,,CalDigit TS4 Thunderbolt 4,,,,,
NG-ACC-007,Anker PowerConf S330 USB Speakerphone - Smart Noise-Canceling Conference Speaker,Accessories&Lifestyle,599,publish,https://neogen.store/product/anker-powerconf-s330-usb-speakerphone-smart-noise-canceling-conference-speaker/,Anker,,Anker PowerConf S330 USB,,,,,
NG-ACC-005,Flipper Zero - The Ultimate Multi-Tool for Geeks and Cyber-Research,Accessories&Lifestyle,1799,publish,https://neogen.store/product/flipper-zero-the-ultimate-multi-tool-for-geeks-and-cyber-research/,Flipper,,Flipper Zero - The,,,,,
NG-ACC-003,Mark Ryden Anti-theft Laptop Backpack - Maximum Protection for Your Tech,Accessories&Lifestyle,409,publish,https://neogen.store/product/mark-ryden-anti-theft-laptop-backpack-maximum-protection-for-your-tech/,Mark,,Mark Ryden Anti-theft Laptop,,,,,
NG-ACC-002,Anker 735 GaN 65W Charger - Compact 3-Port Fast Charger,Accessories&Lifestyle,379,publish,https://neogen.store/product/anker-735-gan-65w-charger-compact-3-port-fast-charger/,Anker,,Anker 735 GaN 65W,,,,,
NG-ACC-001,Baseus Blade 100W Power Bank - Ultra-Slim Laptop Portable Charger,Accessories&Lifestyle,499,publish,https://neogen.store/product/baseus-blade-100w-power-bank-ultra-slim-laptop-portable-charger/,Baseus,,Baseus Blade 100W Power,,,,,
NG-CBL-008,HDMI 2.1 8K Fiber Optic Cable (10m) - Zero Signal Loss,Cables&Adapters,359,publish,https://neogen.store/product/hdmi-2-1-8k-fiber-optic-cable-10m-zero-signal-loss/,HDMI,,HDMI 2.1 8K Fiber,,,,,
NG-CBL-007,DAC SFP+ 10G Direct Attach Cable (3m) - Direct Switch-to-Switch Connection,Cables&Adapters,229,publish,https://neogen.store/product/dac-sfp-10g-direct-attach-cable-3m-direct-switch-to-switch-connection/,DAC,,DAC SFP+ 10G Direct,,,,,
NG-CBL-006,Ugreen 5-in-1 USB-C Dock - HDMI 4K + Ethernet + USB 3.0,Cables&Adapters,249,publish,https://neogen.store/product/ugreen-5-in-1-usb-c-dock-hdmi-4k-ethernet-usb-3-0/,Ugreen,,Ugreen 5-in-1 USB-C Dock,,,,,
NG-CBL-005,Baseus USB-C 100W Charging Cable (2m) - Fast Charge for Laptops and Phones,Cables&Adapters,109,publish,https://neogen.store/product/baseus-usb-c-100w-charging-cable-2m-fast-charge-for-laptops-and-phones/,Baseus,,Baseus USB-C 100W Charging,,,,,
NG-CBL-004,Ugreen Cat 8 Ethernet Cable (5m) - 40Gbps Network Cable,Cables&Adapters,149,publish,https://neogen.store/product/ugreen-cat-8-ethernet-cable-5m-40gbps-network-cable/,Ugreen,,Ugreen Cat 8 Ethernet,,,,,
NG-CBL-003,Cable Matters Thunderbolt 4 Cable (2m) - 40Gbps with 100W Charging,Cables&Adapters,419,publish,https://neogen.store/product/cable-matters-thunderbolt-4-cable-2m-40gbps-with-100w-charging/,Cable,,Cable Matters Thunderbolt 4,,,,,
NG-CBL-002,Anker USB-C Hub 7-in-1 - Multi-Port Adapter for Laptops,Cables&Adapters,349,publish,https://neogen.store/product/anker-usb-c-hub-7-in-1-multi-port-adapter-for-laptops/,Anker,,Anker USB-C Hub 7-in-1,,,,,
NG-CBL-001,Ugreen USB-C to HDMI 2.1 Cable (2m) - 8K@60Hz Output,Cables&Adapters,219,publish,https://neogen.store/product/ugreen-usb-c-to-hdmi-2-1-cable-2m-8k60hz-output/,Ugreen,,Ugreen USB-C to HDMI,,,,,
NG-DRN-008,DJI Pocket 3 - Pocket-Sized Gimbal Camera with 1-Inch Sensor,Drones&Robotics,2999,publish,https://neogen.store/product/dji-pocket-3-pocket-sized-gimbal-camera-with-1-inch-sensor/,DJI,https://dji.com,DJI Pocket 3 -,,,,,
NG-DRN-007,"Roborock S8 MaxV Ultra - Smart Robot Vacuum with 10,000Pa Suction",Drones&Robotics,7699,publish,https://neogen.store/product/roborock-s8-maxv-ultra-smart-robot-vacuum-with-10000pa-suction/,Roborock,,Roborock S8 MaxV Ultra,,,,,
NG-DRN-006,FIMI X8 Mini V2 - 4K Drone at 245g with Competitive Pricing,Drones&Robotics,2399,publish,https://neogen.store/product/fimi-x8-mini-v2-4k-drone-at-245g-with-competitive-pricing/,FIMI,,FIMI X8 Mini V2,,,,,
NG-DRN-005,Insta360 X4 - 8K 360-Degree Camera,Drones&Robotics,3499,publish,https://neogen.store/product/insta360-x4-8k-360-degree-camera/,Insta360,,Insta360 X4 - 8K,,,,,
NG-DRN-004,DJI RS 4 - 3-Axis Gimbal Stabilizer for Professional Cameras,Drones&Robotics,3099,publish,https://neogen.store/product/dji-rs-4-3-axis-gimbal-stabilizer-for-professional-cameras/,DJI,https://dji.com,DJI RS 4 -,,,,,
NG-DRN-003,DJI Osmo Action 5 Pro - 4K/120fps Waterproof Action Camera,Drones&Robotics,2499,publish,https://neogen.store/product/dji-osmo-action-5-pro-4k-120fps-waterproof-action-camera/,DJI,https://dji.com,DJI Osmo Action 5,,,,,
NG-DRN-002,DJI Avata 2 - Immersive FPV Drone with Goggles,Drones&Robotics,4099,publish,https://neogen.store/product/dji-avata-2-immersive-fpv-drone-with-goggles/,DJI,https://dji.com,DJI Avata 2 -,,,,,
NG-DRN-001,DJI Mini 4 Pro - Sub-249g Drone with 4K/60fps Camera,Drones&Robotics,6099,publish,https://neogen.store/product/dji-mini-4-pro-sub-249g-drone-with-4k-60fps-camera/,DJI,https://dji.com,DJI Mini 4 Pro,,,,,
NG-MKR-010,Elegoo Mars 4 Ultra Resin 3D Printer - 9K Resolution for Stunning Detail,Enthusiasts&Gamers,2399,publish,https://neogen.store/product/elegoo-mars-4-ultra-resin-3d-printer-9k-resolution-for-stunning-detail/,Elegoo,,Elegoo Mars 4 Ultra,,,,,
NG-MKR-008,Creality Ender-3 V3 SE - The Best Entry-Level 3D Printer,Enthusiasts&Gamers,1199,publish,https://neogen.store/product/creality-ender-3-v3-se-the-best-entry-level-3d-printer/,Creality,https://creality.com,Creality Ender-3 V3 SE,,,,,
NG-MKR-007,Prusa Mini+ 3D Printer - Professional Precision in a Compact Package,Enthusiasts&Gamers,3299,publish,https://neogen.store/product/prusa-mini-3d-printer-professional-precision-in-a-compact-package/,Prusa,,Prusa Mini+ 3D Printer,,,,,
NG-MKR-005,Elgato Stream Deck MK.2 - Professional Productivity Console with 15 LCD Keys,Enthusiasts&Gamers,1249,publish,https://neogen.store/product/elgato-stream-deck-mk-2-professional-productivity-console-with-15-lcd-keys/,Elgato,,Elgato Stream Deck MK.2,,,,,
NG-MKR-004,Meta Quest 3 128GB - The Most Powerful Mixed Reality Headset,Enthusiasts&Gamers,3299,publish,https://neogen.store/product/meta-quest-3-128gb-the-most-powerful-mixed-reality-headset/,Meta,,Meta Quest 3 -,,,,,
NG-MKR-003,Keychron Q1 - Premium Full Aluminum Custom Mechanical Keyboard,Enthusiasts&Gamers,1449,publish,https://neogen.store/product/keychron-q1-premium-full-aluminum-custom-mechanical-keyboard/,Keychron,,Keychron Q1 - Premium,,,,,
GM-RTR-ASU-001,ASUS ROG Rapture GT-BE19000AI (WiFi 7),Gaming,4799,publish,https://neogen.store/product/asus-rog-rapture-gt-be19000ai-wifi-7/,ASUS,https://asus.com,ASUS ROG Rapture GT-BE19000AI,,,,,
GM-PGA-JSA-001,JSAUX 6-in-1 Dock (Steam Deck/ROG Ally),Gaming,459,publish,https://neogen.store/product/jsaux-6-in-1-dock-steam-deck-rog-ally/,JSAUX,,JSAUX 6-in-1 Dock,,,,,
GM-STR-HPX-001,HyperX QuadCast S USB Microphone,Gaming,949,publish,https://neogen.store/product/hyperx-quadcast-s-usb-microphone/,HyperX,,HyperX QuadCast S USB,,,,,
GM-STR-ELG-001,Elgato Stream Deck MK.2,Gaming,949,publish,https://neogen.store/product/elgato-stream-deck-mk-2/,Elgato,,Elgato Stream Deck MK.2,,,,,
GM-CAP-AVR-001,AVerMedia Live Gamer Ultra S,Gaming,1049,publish,https://neogen.store/product/avermedia-live-gamer-ultra-s/,AVerMedia,,AVerMedia Live Gamer Ultra,,,,,
GM-CAP-ELG-001,Elgato HD60 X Capture Card,Gaming,1099,publish,https://neogen.store/product/elgato-hd60-x-capture-card/,Elgato,,Elgato HD60 X Capture,,,,,
GM-CTR-SON-001,Sony DualSense Edge Controller,Gaming,1349,publish,https://neogen.store/product/sony-dualsense-edge-controller/,Sony,,Sony DualSense Edge Controller,,,,,
GM-CTR-MSF-001,Xbox Elite Controller Series 2 Core,Gaming,1149,publish,https://neogen.store/product/xbox-elite-controller-series-2-core/,Xbox,https://xbox.com,Xbox Elite Controller Series,,,,,
GM-RGB-GOV-001,Govee DreamView G1 Pro Gaming Light,Gaming,749,publish,https://neogen.store/product/govee-dreamview-g1-pro-gaming-light/,Govee,,Govee DreamView G1 Pro,,,,,
GM-RGB-COR-001,Corsair iCUE LC100 Lighting Panels,Gaming,549,publish,https://neogen.store/product/corsair-icue-lc100-lighting-panels/,Corsair,https://corsair.com,Corsair iCUE LC100 Lighting,,,,,
GM-CHR-RAZ-001,Razer Iskur V2 NewGen,Gaming,3199,publish,https://neogen.store/product/razer-iskur-v2-newgen/,Razer,,Razer Iskur V2 NewGen,,,,,
GM-CHR-SEC-001,Secretlab Titan Evo,Gaming,3499,publish,https://neogen.store/product/secretlab-titan-evo/,Secretlab,,Secretlab Titan Evo,,,,,
GM-HST-RAZ-001,Razer BlackShark V2 Pro 2023,Gaming,999,publish,https://neogen.store/product/razer-blackshark-v2-pro-2023/,Razer,,Razer BlackShark V2 Pro,,,,,
GM-HST-STS-001,SteelSeries Arctis Nova 7 Wireless,Gaming,1149,publish,https://neogen.store/product/steelseries-arctis-nova-7-wireless/,SteelSeries,,SteelSeries Arctis Nova 7,,,,,
GM-HST-HPX-001,HyperX Cloud Alpha Wireless (300hr),Gaming,1199,publish,https://neogen.store/product/hyperx-cloud-alpha-wireless-300hr/,HyperX,,HyperX Cloud Alpha Wireless,,,,,
GM-MOU-RAZ-002,Razer Viper V3 Pro (54g Wireless),Gaming,1049,publish,https://neogen.store/product/razer-viper-v3-pro-54g-wireless/,Razer,,Razer Viper V3 Pro,,,,,
GM-MOU-LOG-001,Logitech G Pro X Superlight 2 DEX,Gaming,1099,publish,https://neogen.store/product/logitech-g-pro-x-superlight-2-dex/,Logitech,https://logitech.com,Logitech G Pro X,,,,,
GM-MOU-RAZ-001,Razer DeathAdder V4 Pro (57g Wireless),Gaming,1149,publish,https://neogen.store/product/razer-deathadder-v4-pro-57g-wireless/,Razer,,Razer DeathAdder V4 Pro,,,,,
GM-KBD-KEY-001,Keychron K10 HE (Arabic Layout),Gaming,999,publish,https://neogen.store/product/keychron-k10-he-arabic-layout/,Keychron,,Keychron K10 HE,,,,,
GM-KBD-LOG-001,Logitech G Pro X TKL LIGHTSPEED,Gaming,1199,publish,https://neogen.store/product/logitech-g-pro-x-tkl-lightspeed/,Logitech,https://logitech.com,Logitech G Pro X,,,,,
GM-KBD-COR-001,Corsair K70 MAX RGB,Gaming,1299,publish,https://neogen.store/product/corsair-k70-max-rgb/,Corsair,https://corsair.com,Corsair K70 MAX RGB,,,,,
GM-KBD-RAZ-001,Razer Huntsman V3 Pro TKL,Gaming,1349,publish,https://neogen.store/product/razer-huntsman-v3-pro-tkl/,Razer,,Razer Huntsman V3 Pro,,,,,
GM-MON-DEL-001,"Dell Alienware AW2725DF (27"" QD-OLED 360Hz)",Gaming,5599,publish,https://neogen.store/product/dell-alienware-aw2725df-27-qd-oled-360hz/,Dell,,Dell Alienware AW2725DF,,,,,
GM-MON-LGE-001,"LG UltraGear OLED 27GR95QE-B (27"" QHD 240Hz)",Gaming,4899,publish,https://neogen.store/product/lg-ultragear-oled-27gr95qe-b-27-qhd-240hz/,LG,,LG UltraGear OLED 27GR95QE-B,,,,,
GM-MON-SAM-002,"Samsung Odyssey G7 G70D (32"" 4K 144Hz)",Gaming,3499,publish,https://neogen.store/product/samsung-odyssey-g7-g70d-32-4k-144hz/,Samsung,https://samsung.com,Samsung Odyssey G7 G70D,,,,,
GM-MON-SAM-001,"Samsung Odyssey OLED G8 (34"" UWQHD 175Hz)",Gaming,7799,publish,https://neogen.store/product/samsung-odyssey-oled-g8-34-uwqhd-175hz/,Samsung,https://samsung.com,Samsung Odyssey OLED G8,,,,,
GM-MON-ASU-001,"ASUS ROG Swift OLED PG27AQDM (27"" QHD 240Hz)",Gaming,5399,publish,https://neogen.store/product/asus-rog-swift-oled-pg27aqdm-27-qhd-240hz/,ASUS,https://asus.com,ASUS ROG Swift OLED,,,,,
NG-GAM-012,Elgato Wave:3 - Premium USB Condenser Microphone for Streaming,Gaming,1149,publish,https://neogen.store/product/elgato-wave3-premium-usb-condenser-microphone-for-streaming/,Elgato,,Elgato Wave:3 - Premium,,,,,
NG-GAM-011,SteelSeries QcK Heavy XXL - Extra-Large Gaming Mouse Pad,Gaming,289,publish,https://neogen.store/product/steelseries-qck-heavy-xxl-extra-large-gaming-mouse-pad/,SteelSeries,,SteelSeries QcK Heavy XXL,,,,,
NG-GAM-010,BenQ Zowie XL2546K - 240Hz Esports Gaming Monitor,Gaming,2999,publish,https://neogen.store/product/benq-zowie-xl2546k-240hz-esports-gaming-monitor/,BenQ,,BenQ Zowie XL2546K -,,,,,
NG-GAM-009,Corsair K70 RGB Pro - Legendary Mechanical Gaming Keyboard,Gaming,999,publish,https://neogen.store/product/corsair-k70-rgb-pro-legendary-mechanical-gaming-keyboard/,Corsair,https://corsair.com,Corsair K70 RGB Pro,,,,,
NG-GAM-008,Razer Basilisk V3 X HyperSpeed - Versatile Wireless Gaming Mouse,Gaming,649,publish,https://neogen.store/product/razer-basilisk-v3-x-hyperspeed-versatile-wireless-gaming-mouse/,Razer,,Razer Basilisk V3 X,,,,,
NG-GAM-007,8BitDo Arcade Stick - Authentic Arcade Experience at Home,Gaming,799,publish,https://neogen.store/product/8bitdo-arcade-stick-authentic-arcade-experience-at-home/,8BitDo,,8BitDo Arcade Stick -,,,,,
NG-GAM-006,SteelSeries Arctis Nova 7 - Multi-Platform Wireless Gaming Headset,Gaming,1199,publish,https://neogen.store/product/steelseries-arctis-nova-7-multi-platform-wireless-gaming-headset/,SteelSeries,,SteelSeries Arctis Nova 7,,,,,
NG-GAM-005,Elgato HD60 X - External Capture Card for Streaming and Recording,Gaming,1249,publish,https://neogen.store/product/elgato-hd60-x-external-capture-card-for-streaming-and-recording/,Elgato,,Elgato HD60 X -,,,,,
NG-GAM-004,Razer BlackWidow V4 75% - Compact Mechanical Gaming Keyboard,Gaming,1199,publish,https://neogen.store/product/razer-blackwidow-v4-75-compact-mechanical-gaming-keyboard/,Razer,,Razer BlackWidow V4 75%,,,,,
NG-GAM-003,HyperX Cloud III Wireless - Premium Wireless Gaming Headset,Gaming,999,publish,https://neogen.store/product/hyperx-cloud-iii-wireless-premium-wireless-gaming-headset/,HyperX,,HyperX Cloud III Wireless,,,,,
NG-GAM-002,Razer DeathAdder V3 HyperSpeed - Ultra-Light Wireless Gaming Mouse,Gaming,849,publish,https://neogen.store/product/razer-deathadder-v3-hyperspeed-ultra-light-wireless-gaming-mouse/,Razer,,Razer DeathAdder V3 HyperSpeed,,,,,
NG-GAM-001,8BitDo Ultimate C Bluetooth Controller - Multi-Platform Gaming,Gaming,309,publish,https://neogen.store/product/8bitdo-ultimate-c-bluetooth-controller-multi-platform-gaming/,8BitDo,,8BitDo Ultimate C Bluetooth,,,,,
GC-AZN-PRIME,Amazon Prime | أمازون برايم,Gift Cards&Software Keys,19,publish,https://neogen.store/product/amazon-prime/,Amazon,,Amazon Prime | أمازون,,,,,
GC-YT-PREM,YouTube Premium | يوتيوب بريميوم,Gift Cards&Software Keys,29,publish,https://neogen.store/product/youtube-premium/,YouTube,,YouTube Premium | يوتيوب,,,,,
GC-SW-ACC1,Adobe Creative Cloud 1 Year | أدوبي كرييتف كلاود,Gift Cards&Software Keys,229,publish,https://neogen.store/product/adobe-creative-cloud-1-year-%d8%a3%d8%af%d9%88%d8%a8%d9%8a-%d9%83%d8%b1%d9%8a%d9%8a%d8%aa%d9%81-%d9%83%d9%84%d8%a7%d9%88%d8%af/,Adobe,,Adobe Creative Cloud 1,,,,,
GC-SW-KTS1,Kaspersky Total Security 1 Year | كاسبرسكي,Gift Cards&Software Keys,229,publish,https://neogen.store/product/kaspersky-total-security-1-year-%d9%83%d8%a7%d8%b3%d8%a8%d8%b1%d8%b3%d9%83%d9%8a/,Kaspersky,,Kaspersky Total Security 1,,,,,
GC-APL-100,Apple Gift Card $100 | بطاقة آبل,Gift Cards&Software Keys,109,publish,https://neogen.store/product/apple-gift-card-100-%d8%a8%d8%b7%d8%a7%d9%82%d8%a9-%d8%a2%d8%a8%d9%84/,Apple,https://apple.com,Apple Gift Card $100,,,,,
GC-GP-50,Google Play $50 Gift Card | بطاقة قوقل بلاي,Gift Cards&Software Keys,45,publish,https://neogen.store/product/google-play-50-gift-card-%d8%a8%d8%b7%d8%a7%d9%82%d8%a9-%d9%82%d9%88%d9%82%d9%84-%d8%a8%d9%84%d8%a7%d9%8a/,Google,https://google.com,Google Play $50 Gift,,,,,
GC-XBX-GPU3,Xbox Game Pass Ultimate 3 Months | قيم باس,Gift Cards&Software Keys,75,publish,https://neogen.store/product/xbox-game-pass-ultimate-3-months-%d9%82%d9%8a%d9%85-%d8%a8%d8%a7%d8%b3/,Xbox,https://xbox.com,Xbox Game Pass Ultimate,,,,,
GC-STM-50,Steam Wallet $50 Gift Card | بطاقة ستيم,Gift Cards&Software Keys,45,publish,https://neogen.store/product/steam-wallet-50-gift-card-%d8%a8%d8%b7%d8%a7%d9%82%d8%a9-%d8%b3%d8%aa%d9%8a%d9%85/,Steam,,Steam Wallet $50 Gift,,,,,
GC-PSN-50,PlayStation Store $50 Gift Card | بطاقة بلايستيشن,Gift Cards&Software Keys,45,publish,https://neogen.store/product/playstation-store-50-gift-card-%d8%a8%d8%b7%d8%a7%d9%82%d8%a9-%d8%a8%d9%84%d8%a7%d9%8a%d8%b3%d8%aa%d9%8a%d8%b4%d9%86/,PlayStation,https://playstation.com,PlayStation Store $50 Gift,,,,,
GC-SW-OFF24,Microsoft Office 2024 Pro Plus | أوفيس 2024 برو,Gift Cards&Software Keys,569,publish,https://neogen.store/product/microsoft-office-2024-pro-plus-%d8%a3%d9%88%d9%81%d9%8a%d8%b3-2024-%d8%a8%d8%b1%d9%88/,Microsoft,,Microsoft Office 2024 Pro,,,,,
GC-SW-WIN11,Windows 11 Pro License Key | مفتاح ويندوز 11 برو,Gift Cards&Software Keys,199,publish,https://neogen.store/product/windows-11-pro-license-key-%d9%85%d9%81%d8%aa%d8%a7%d8%ad-%d9%88%d9%8a%d9%86%d8%af%d9%88%d8%b2-11-%d8%a8%d8%b1%d9%88/,Windows,,Windows 11 Pro License,,,,,
GM-CMP-NZX-001,NZXT H9 Elite Mid-Tower ATX Case,Hardware,1349,publish,https://neogen.store/product/nzxt-h9-elite-mid-tower-atx-case/,NZXT,https://nzxt.com,NZXT H9 Elite Mid-Tower,,,,,
GM-CMP-COR-001,Corsair iCUE H150i RGB Elite (360mm AIO),Hardware,1149,publish,https://neogen.store/product/corsair-icue-h150i-rgb-elite-360mm-aio/,Corsair,https://corsair.com,Corsair iCUE H150i RGB,,,,,
GM-GPU-GIG-001,Gigabyte AORUS RTX 5090 Master 32GB,Hardware,27999,publish,https://neogen.store/product/gigabyte-aorus-rtx-5090-master-32gb/,Gigabyte,https://gigabyte.com,Gigabyte AORUS RTX 5090,,,,,
GM-GPU-NVD-002,NVIDIA RTX 5080 Founders Edition (16GB),Hardware,6499,publish,https://neogen.store/product/nvidia-rtx-5080-founders-edition-16gb/,NVIDIA,https://nvidia.com,NVIDIA RTX 5080 Founders,,,,,
GM-GPU-NVD-001,NVIDIA RTX 5090 Founders Edition (32GB),Hardware,22999,publish,https://neogen.store/product/nvidia-rtx-5090-founders-edition-32gb/,NVIDIA,https://nvidia.com,NVIDIA RTX 5090 Founders,,,,,
NG-ACC-010,WD Red Plus 8TB NAS Hard Drive - Built for Always-On NAS Systems,Hardware,1449,publish,https://neogen.store/product/wd-red-plus-8tb-nas-hard-drive-built-for-always-on-nas-systems/,WD,https://westerndigital.com,WD Red Plus NAS,,,,,
NG-ACC-006,"Samsung T7 Shield 2TB Portable SSD - Rugged, Fast, and Secure",Hardware,1299,publish,https://neogen.store/product/samsung-t7-shield-2tb-portable-ssd-rugged-fast-and-secure/,Samsung,https://samsung.com,Samsung T7 Shield Portable,,,,,
NG-MKR-009,ESP32-S3 DevKit 10-Pack - Wi-Fi + Bluetooth 5 Microcontroller for Smart Projects,Hardware,699,publish,https://neogen.store/product/esp32-s3-devkit-10-pack-wi-fi-bluetooth-5-microcontroller-for-smart-projects/,ESP32-S3,,ESP32-S3 DevKit 10-Pack -,,,,,
NG-MKR-006,Arduino Mega 2560 Rev3 - The Ultimate Microcontroller Board for Advanced Projects,Hardware,549,publish,https://neogen.store/product/arduino-mega-2560-rev3-the-ultimate-microcontroller-board-for-advanced-projects/,Arduino,,Arduino Mega 2560 Rev3,,,,,
NG-ACC-004,Seagate IronWolf 18TB NAS Internal Hard Drive - Built for 24/7 Performance,Hardware,2699,publish,https://neogen.store/product/seagate-ironwolf-18tb-nas-internal-hard-drive-built-for-24-7-performance/,Seagate,https://seagate.com,Seagate IronWolf NAS Internal,,,,,
NG-MKR-002,Raspberry Pi 5 Ultimate Starter Kit - Everything You Need in One Box,Hardware,1149,publish,https://neogen.store/product/raspberry-pi-5-ultimate-starter-kit-everything-you-need-in-one-box/,Raspberry,https://raspberrypi.com,Raspberry Pi 5 Ultimate,,,,,
NG-MKR-001,Raspberry Pi 5 8GB - The New Standard in Single Board Computing,Hardware,899,publish,https://neogen.store/product/raspberry-pi-5-8gb-the-new-standard-in-single-board-computing/,Raspberry,https://raspberrypi.com,Raspberry Pi 5 -,,,,,
NT-MPC-DEL-001,Dell OptiPlex 7070 Micro (Refurb),Homelab,1549,publish,https://neogen.store/product/dell-optiplex-7070-micro-refurb/,Dell,,Dell OptiPlex 7070 Micro,,,,,
NT-MPC-BLK-002,Beelink EQ12 (Intel N100),Homelab,999,publish,https://neogen.store/product/beelink-eq12-intel-n100/,Intel,https://intel.com,Beelink EQ12,,,,,
NT-MPC-BLK-001,Beelink SER7 (Ryzen 7 7735HS),Homelab,2399,publish,https://neogen.store/product/beelink-ser7-ryzen-7-7735hs/,Beelink,,Beelink SER7,,,,,
NT-MPC-MNF-001,MinisForum MS-01 (Homelab Server),Homelab,3999,publish,https://neogen.store/product/minisforum-ms-01-homelab-server/,MinisForum,,MinisForum MS-01,,,,,
NT-KVM-ATN-001,ATEN CS1924M 4-Port DP KVM,Homelab,2399,publish,https://neogen.store/product/aten-cs1924m-4-port-dp-kvm/,ATEN,,ATEN CS1924M 4-Port DP,,,,,
NT-KVM-TES-001,TESmart HKS0401A1U 4-Port HDMI KVM,Homelab,599,publish,https://neogen.store/product/tesmart-hks0401a1u-4-port-hdmi-kvm/,TESmart,,TESmart HKS0401A1U 4-Port HDMI,,,,,
NT-FWL-FTN-001,Fortinet FortiGate 60F,Homelab,5499,publish,https://neogen.store/product/fortinet-fortigate-60f/,Fortinet,,Fortinet FortiGate 60F,,,,,
NT-FWL-NGT-002,Netgate 2100 MAX pfSense+ Gateway,Homelab,2499,publish,https://neogen.store/product/netgate-2100-max-pfsense-gateway/,Netgate,,Netgate 2100 MAX pfSense+,,,,,
NT-FWL-NGT-001,Netgate 4200 MAX pfSense+ Gateway,Homelab,3399,publish,https://neogen.store/product/netgate-4200-max-pfsense-gateway/,Netgate,,Netgate 4200 MAX pfSense+,,,,,
NT-SRV-NVP-001,NavePoint 1U Cantilever Rack Shelf,Homelab,249,publish,https://neogen.store/product/navepoint-1u-cantilever-rack-shelf/,NavePoint,,NavePoint 1U Cantilever Rack,,,,,
NT-SRV-CBM-001,Cable Matters 24-Port Cat6 Patch Panel (1U),Homelab,239,publish,https://neogen.store/product/cable-matters-24-port-cat6-patch-panel-1u/,Cable,,Cable Matters 24-Port Cat6,,,,,
NT-SRV-STC-001,StarTech RK12WALLOA 12U Wall-Mount Rack,Homelab,1399,publish,https://neogen.store/product/startech-rk12walloa-12u-wall-mount-rack/,StarTech,,StarTech RK12WALLOA 12U Wall-Mount,,,,,
NT-UPS-APC-002,APC Back-UPS Pro BX1500M (Tower),Homelab,1599,publish,https://neogen.store/product/apc-back-ups-pro-bx1500m-tower/,APC,,APC Back-UPS Pro BX1500M,,,,,
NT-UPS-CYB-001,CyberPower OR1500LCDRM1U (1500VA 1U),Homelab,2099,publish,https://neogen.store/product/cyberpower-or1500lcdrm1u-1500va-1u/,CyberPower,,CyberPower OR1500LCDRM1U,,,,,
NT-UPS-APC-001,APC Smart-UPS SMT1500RM2UC (1500VA Rack),Homelab,4899,publish,https://neogen.store/product/apc-smart-ups-smt1500rm2uc-1500va-rack/,APC,,APC Smart-UPS SMT1500RM2UC,,,,,
NT-NAS-QNP-002,QNAP TS-262-4G (2-Bay),Homelab,1899,publish,https://neogen.store/product/qnap-ts-262-4g-2-bay/,QNAP,https://qnap.com,QNAP TS-262-4G,,,,,
NT-NAS-QNP-001,QNAP TS-464-8G (4-Bay),Homelab,2799,publish,https://neogen.store/product/qnap-ts-464-8g-4-bay/,QNAP,https://qnap.com,QNAP TS-464-8G,,,,,
NT-NAS-SYN-002,Synology DS925+ (4-Bay),Homelab,3499,publish,https://neogen.store/product/synology-ds925-4-bay/,Synology,https://synology.com,Synology DS925+,,,,,
NT-NAS-SYN-001,Synology DS225+ (2-Bay),Homelab,2099,publish,https://neogen.store/product/synology-ds225-2-bay/,Synology,https://synology.com,Synology DS225+,,,,,
NG-ENT-010,Ubiquiti UniFi Switch Pro 24 PoE (USW-Pro-24-PoE) - Smart Managed PoE+ Switch,Homelab,4199,publish,https://neogen.store/product/ubiquiti-unifi-switch-pro-24-poe-usw-pro-24-poe-smart-managed-poe-switch/,Ubiquiti,https://ui.com,Ubiquiti UniFi Switch Pro,,,,,
NG-ENT-009,HPE ProLiant DL380 Gen10 Server (Refurbished) - Data Center Power at Smart Pricing,Homelab,6499,publish,https://neogen.store/product/hpe-proliant-dl380-gen10-server-refurbished-data-center-power-at-smart-pricing/,HPE,,HPE ProLiant DL380 Gen10,,,,,
NG-ENT-008,APC Smart-UPS 1500VA LCD RM 2U (SMT1500RMI2U) - Pure Sine Wave Rack UPS,Homelab,4899,publish,https://neogen.store/product/apc-smart-ups-1500va-lcd-rm-2u-smt1500rmi2u-pure-sine-wave-rack-ups/,APC,,APC Smart-UPS 1500VA LCD,,,,,
NG-ENT-007,MikroTik CRS326-24G-2S+RM 24-Port Managed Gigabit Switch with 10G SFP+,Homelab,1649,publish,https://neogen.store/product/mikrotik-crs326-24g-2srm-24-port-managed-gigabit-switch-with-10g-sfp/,Mikrotik,https://mikrotik.com,MikroTik CRS326-24G-2S+RM 24-Port Managed,,,,,
NG-ENT-006,Synology DiskStation DS1621+ 6-Bay NAS - Enterprise Storage Powerhouse,Homelab,5599,publish,https://neogen.store/product/synology-diskstation-ds1621-6-bay-nas-enterprise-storage-powerhouse/,Synology,https://synology.com,Synology DiskStation DS1621+ 6-Bay,,,,,
NG-ENT-005,Asustor Flashstor 6 (FS6706T) - All-NVMe SSD NAS for Extreme Performance,Homelab,3099,publish,https://neogen.store/product/asustor-flashstor-6-fs6706t-all-nvme-ssd-nas-for-extreme-performance/,ASUS,https://asus.com,Asustor Flashstor 6 -,,,,,
NG-ENT-004,UniFi 6 Long-Range (U6-LR) - High-Performance WiFi 6 Access Point,Homelab,1649,publish,https://neogen.store/product/unifi-6-long-range-u6-lr-high-performance-wifi-6-access-point/,UniFi,,UniFi 6 Long-Range -,,,,,
NG-ENT-003,Ubiquiti UniFi Dream Machine Pro (UDM-Pro) - All-in-One Enterprise Network Console,Homelab,3099,publish,https://neogen.store/product/ubiquiti-unifi-dream-machine-pro-udm-pro-all-in-one-enterprise-network-console/,Ubiquiti,https://ui.com,Ubiquiti UniFi Dream Machine,,,,,
NG-ENT-002,Asustor Lockerstor 4 (AS6604T) - Professional 4-Bay NAS for Creators,Homelab,3099,publish,https://neogen.store/product/asustor-lockerstor-4-as6604t-professional-4-bay-nas-for-creators/,ASUS,https://asus.com,Asustor Lockerstor 4 -,,,,,
NG-ENT-001,"Dell PowerEdge R730 Refurbished Server - Enterprise Power, Smart Investment",Homelab,8099,publish,https://neogen.store/product/dell-poweredge-r730-refurbished-server-enterprise-power-smart-investment/,Dell,,Dell PowerEdge R730 Refurbished,,,,,
NT-POE-TPL-001,TP-Link TL-SG1005P 5-Port PoE,Networking,299,publish,https://neogen.store/product/tp-link-tl-sg1005p-5-port-poe/,TP-Link,https://tp-link.com,TP-Link TL-SG1005P 5-Port PoE,,,,,
NT-POE-UBQ-001,Ubiquiti USW-Lite-8-PoE,Networking,849,publish,https://neogen.store/product/ubiquiti-usw-lite-8-poe/,Ubiquiti,https://ui.com,Ubiquiti USW-Lite-8-PoE,,,,,
NT-CBL-GEN-001,Cat6a Shielded Bulk Cable (305m),Networking,849,publish,https://neogen.store/product/cat6a-shielded-bulk-cable-305m/,Cat6a,,Cat6a Shielded Bulk Cable,,,,,
NT-CBL-FSC-001,10G SFP+ DAC Twinax Cable (1m),Networking,139,publish,https://neogen.store/product/10g-sfp-dac-twinax-cable-1m/,10G,,10G SFP+ DAC Twinax,,,,,
NT-SFP-FSC-001,FS.com 10GBASE-SR SFP+ Transceiver,Networking,129,publish,https://neogen.store/product/fs-com-10gbase-sr-sfp-transceiver/,FS.com,,FS.com ASE-SR SFP+ Transceiver,,,,,
NT-WAP-TPL-002,TP-Link Omada EAP650,Networking,799,publish,https://neogen.store/product/tp-link-omada-eap650/,TP-Link,https://tp-link.com,TP-Link Omada EAP650,,,,,
NT-WAP-TPL-001,TP-Link Omada EAP610,Networking,599,publish,https://neogen.store/product/tp-link-omada-eap610/,TP-Link,https://tp-link.com,TP-Link Omada EAP610,,,,,
NT-WAP-UBQ-002,Ubiquiti UniFi U7 Pro,Networking,1399,publish,https://neogen.store/product/ubiquiti-unifi-u7-pro/,Ubiquiti,https://ui.com,Ubiquiti UniFi U7 Pro,,,,,
NT-WAP-UBQ-001,Ubiquiti UniFi U6 Pro,Networking,999,publish,https://neogen.store/product/ubiquiti-unifi-u6-pro/,Ubiquiti,https://ui.com,Ubiquiti UniFi U6 Pro,,,,,
NT-NET-UBQ-001,Ubiquiti USW-Pro-24-PoE,Networking,3999,publish,https://neogen.store/product/ubiquiti-usw-pro-24-poe/,Ubiquiti,https://ui.com,Ubiquiti USW-Pro-24-PoE,,,,,
NT-NET-MKT-004,MikroTik CRS312-4C+8XG-RM,Networking,2799,publish,https://neogen.store/product/mikrotik-crs312-4c8xg-rm/,Mikrotik,https://mikrotik.com,MikroTik CRS312-4C+8XG-RM,,,,,
NT-NET-MKT-003,MikroTik CRS328-24P-4S+RM (PoE),Networking,2699,publish,https://neogen.store/product/mikrotik-crs328-24p-4srm-poe/,Mikrotik,https://mikrotik.com,MikroTik CRS328-24P-4S+RM,,,,,
NT-NET-MKT-002,MikroTik CRS326-24G-2S+RM,Networking,1199,publish,https://neogen.store/product/mikrotik-crs326-24g-2srm/,Mikrotik,https://mikrotik.com,MikroTik CRS326-24G-2S+RM,,,,,
NT-NET-MKT-001,MikroTik CRS305-1G-4S+IN,Networking,999,publish,https://neogen.store/product/mikrotik-crs305-1g-4sin/,Mikrotik,https://mikrotik.com,MikroTik CRS305-1G-4S+IN,,,,,
NG-NET-012,Ubiquiti UniFi Cloud Gateway Ultra - All-in-One UniFi Gateway,Networking,899,publish,https://neogen.store/product/ubiquiti-unifi-cloud-gateway-ultra-all-in-one-unifi-gateway/,Ubiquiti,https://ui.com,Ubiquiti UniFi Cloud Gateway,,,,,
NG-NET-011,TP-Link Archer AXE75 - AXE5400 Tri-Band WiFi 6E Router,Networking,1299,publish,https://neogen.store/product/tp-link-archer-axe75-axe5400-tri-band-wifi-6e-router/,TP-Link,https://tp-link.com,TP-Link Archer AXE75 -,,,,,
NG-NET-010,Ubiquiti UniFi USW-Flex-Mini - Ultra-Compact 5-Port Managed Switch,Networking,219,publish,https://neogen.store/product/ubiquiti-unifi-usw-flex-mini-ultra-compact-5-port-managed-switch/,Ubiquiti,https://ui.com,Ubiquiti UniFi USW-Flex-Mini -,,,,,
NG-NET-009,Netgear GS308E - 8-Port Gigabit Plus Smart Managed Switch,Networking,209,publish,https://neogen.store/product/netgear-gs308e-8-port-gigabit-plus-smart-managed-switch/,Netgear,https://netgear.com,Netgear GS308E - 8-Port,,,,,
NG-NET-008,MikroTik hEX S (RB760iGS) - 5-Port Gigabit Router with SFP and USB,Networking,649,publish,https://neogen.store/product/mikrotik-hex-s-rb760igs-5-port-gigabit-router-with-sfp-and-usb/,Mikrotik,https://mikrotik.com,MikroTik hEX S -,,,,,
NG-NET-007,Ubiquiti EdgeRouter X - Advanced Gigabit Router in a Pocket-Sized Form,Networking,549,publish,https://neogen.store/product/ubiquiti-edgerouter-x-advanced-gigabit-router-in-a-pocket-sized-form/,Ubiquiti,https://ui.com,Ubiquiti EdgeRouter X -,,,,,
NG-NET-006,TP-Link TL-SG108E - 8-Port Gigabit Easy Smart Managed Switch,Networking,229,publish,https://neogen.store/product/tp-link-tl-sg108e-8-port-gigabit-easy-smart-managed-switch/,TP-Link,https://tp-link.com,TP-Link TL-SG108E - 8-Port,,,,,
NG-NET-005,Ubiquiti UniFi 6 Lite - WiFi 6 Access Point (AX1500),Networking,849,publish,https://neogen.store/product/ubiquiti-unifi-6-lite-wifi-6-access-point-ax1500/,Ubiquiti,https://ui.com,Ubiquiti UniFi 6 Lite,,,,,
NG-NET-004,MikroTik CRS305-1G-4S+IN - 4-Port 10G SFP+ Desktop Switch,Networking,1149,publish,https://neogen.store/product/mikrotik-crs305-1g-4sin-4-port-10g-sfp-desktop-switch/,Mikrotik,https://mikrotik.com,MikroTik CRS305-1G-4S+IN - 4-Port,,,,,
NG-NET-003,Ubiquiti UniFi Switch Lite 16 PoE - 16-Port Managed Gigabit PoE+ Switch,Networking,1399,publish,https://neogen.store/product/ubiquiti-unifi-switch-lite-16-poe-16-port-managed-gigabit-poe-switch/,Ubiquiti,https://ui.com,Ubiquiti UniFi Switch Lite,,,,,
NG-NET-002,TP-Link Deco XE75 (3-Pack) - AXE5400 WiFi 6E Whole-Home Mesh System,Networking,2099,publish,https://neogen.store/product/tp-link-deco-xe75-3-pack-axe5400-wifi-6e-whole-home-mesh-system/,TP-Link,https://tp-link.com,TP-Link Deco XE75 -,,,,,
NG-NET-001,MikroTik hAP ax3 - WiFi 6 Router with RouterOS Power,Networking,799,publish,https://neogen.store/product/mikrotik-hap-ax3-wifi-6-router-with-routeros-power/,Mikrotik,https://mikrotik.com,MikroTik hAP ax3 -,,,,,
NG-SEC-007,Eufy Video Doorbell S330 - Dual Camera Smart Doorbell (2K + Package Cam),Security&Surveillance,1449,publish,https://neogen.store/product/eufy-video-doorbell-s330-dual-camera-smart-doorbell-2k-package-cam/,Eufy,,Eufy Video Doorbell S330,,,,,
NG-SEC-006,Ajax Hub 2 Plus - Professional Wireless Smart Alarm System,Security&Surveillance,2499,publish,https://neogen.store/product/ajax-hub-2-plus-professional-wireless-smart-alarm-system/,Ajax,,Ajax Hub 2 Plus,,,,,
NG-SEC-005,Reolink 16-Channel PoE NVR (RLN16-410) - 4K Network Video Recorder,Security&Surveillance,1599,publish,https://neogen.store/product/reolink-16-channel-poe-nvr-rln16-410-4k-network-video-recorder/,Reolink,,Reolink 16-Channel PoE NVR,,,,,
NG-SEC-004,Ubiquiti UniFi Protect G4 Doorbell Pro - 5MP Smart Doorbell with Fingerprint Reader,Security&Surveillance,2299,publish,https://neogen.store/product/ubiquiti-unifi-protect-g4-doorbell-pro-5mp-smart-doorbell-with-fingerprint-reader/,Ubiquiti,https://ui.com,Ubiquiti UniFi Protect G4,,,,,
NG-SEC-003,Hikvision DS-2CD2143G2-I - 4MP AcuSense Dome Camera,Security&Surveillance,749,publish,https://neogen.store/product/hikvision-ds-2cd2143g2-i-4mp-acusense-dome-camera/,Hikvision,https://hikvision.com,Hikvision DS-2CD2143G2-I - 4MP,,,,,
NG-SEC-002,Reolink Argus 4 Pro - Solar-Powered Wireless 4K Security Camera,Security&Surveillance,1199,publish,https://neogen.store/product/reolink-argus-4-pro-solar-powered-wireless-4k-security-camera/,Reolink,,Reolink Argus 4 Pro,,,,,
NG-SEC-001,Reolink RLC-810A - 4K PoE AI Security Camera,Security&Surveillance,549,publish,https://neogen.store/product/reolink-rlc-810a-4k-poe-ai-security-camera/,Reolink,,Reolink RLC-810A - 4K,,,,,
SH-SWB-SWBT-003,SwitchBot Blind Tilt,Smart Home&Iot,479,publish,https://neogen.store/product/switchbot-blind-tilt/,SwitchBot,,SwitchBot Blind Tilt,,,,,
SH-SWB-SWBT-002,SwitchBot Bot (Smart Button Pusher),Smart Home&Iot,239,publish,https://neogen.store/product/switchbot-bot-smart-button-pusher/,SwitchBot,,SwitchBot Bot,,,,,
SH-SWB-SWBT-001,SwitchBot Hub 2 (Matter Enabled),Smart Home&Iot,479,publish,https://neogen.store/product/switchbot-hub-2-matter-enabled/,SwitchBot,,SwitchBot Hub 2,,,,,
SH-HUB-HUBI-001,Hubitat Elevation C-8 Pro,Smart Home&Iot,1199,publish,https://neogen.store/product/hubitat-elevation-c-8-pro/,Hubitat,,Hubitat Elevation C-8 Pro,,,,,
SH-HUB-HASS-001,Home Assistant Green,Smart Home&Iot,699,publish,https://neogen.store/product/home-assistant-green/,Home,,Home Assistant Green,,,,,
SH-HUB-AQRA-001,Aqara Hub M3,Smart Home&Iot,899,publish,https://neogen.store/product/aqara-hub-m3/,Aqara,,Aqara Hub M3,,,,,
SH-BLD-IKEA-001,IKEA FYRTUR Blackout Smart Roller Blind,Smart Home&Iot,949,publish,https://neogen.store/product/ikea-fyrtur-blackout-smart-roller-blind/,IKEA,,IKEA FYRTUR Blackout Smart,,,,,
SH-BLD-SWBT-001,SwitchBot Curtain 3,Smart Home&Iot,649,publish,https://neogen.store/product/switchbot-curtain-3/,SwitchBot,,SwitchBot Curtain 3,,,,,
SH-VDB-EUFY-001,Eufy Video Doorbell E340 (Dual Camera),Smart Home&Iot,999,publish,https://neogen.store/product/eufy-video-doorbell-e340-dual-camera/,Eufy,,Eufy Video Doorbell E340,,,,,
SH-VDB-RING-001,Ring Battery Doorbell Plus,Smart Home&Iot,999,publish,https://neogen.store/product/ring-battery-doorbell-plus/,Ring,https://ring.com,Ring Battery Doorbell Plus,,,,,
SH-CAM-RELK-001,Reolink Argus 4 Pro (4K),Smart Home&Iot,899,publish,https://neogen.store/product/reolink-argus-4-pro-4k/,Reolink,,Reolink Argus 4 Pro,,,,,
SH-CAM-EUFY-001,Eufy eufyCam 3 (4K + HomeBase 3 Kit),Smart Home&Iot,1649,publish,https://neogen.store/product/eufy-eufycam-3-4k-homebase-3-kit/,Eufy,,Eufy eufyCam 3,,,,,
SH-CAM-ARLO-001,Arlo Pro 5 2K Spotlight Camera,Smart Home&Iot,1549,publish,https://neogen.store/product/arlo-pro-5-2k-spotlight-camera/,Arlo,,Arlo Pro 5 2K,,,,,
SH-CAM-RING-001,Ring Indoor Cam (2nd Gen),Smart Home&Iot,479,publish,https://neogen.store/product/ring-indoor-cam-2nd-gen/,Ring,https://ring.com,Ring Indoor Cam,,,,,
SH-PLG-MERS-001,Meross Smart Plug Mini MSS110 (HomeKit),Smart Home&Iot,159,publish,https://neogen.store/product/meross-smart-plug-mini-mss110-homekit/,Meross,,Meross Smart Plug Mini,,,,,
SH-PLG-TPLK-001,"TP-Link Tapo P125M Smart Plug (Matter, 2-pack)",Smart Home&Iot,149,publish,https://neogen.store/product/tp-link-tapo-p125m-smart-plug-matter-2-pack/,TP-Link,https://tp-link.com,TP-Link Tapo P125M Smart,,,,,
SH-THR-ECOB-001,Ecobee Smart Thermostat Premium,Smart Home&Iot,1549,publish,https://neogen.store/product/ecobee-smart-thermostat-premium/,Ecobee,,Ecobee Smart Thermostat Premium,,,,,
SH-THR-NEST-001,Google Nest Learning Thermostat (4th Gen),Smart Home&Iot,1699,publish,https://neogen.store/product/google-nest-learning-thermostat-4th-gen/,Google,https://google.com,Google Nest Learning Thermostat,,,,,
SH-RVC-ECVX-001,Ecovacs Deebot X9 Pro Omni,Smart Home&Iot,5699,publish,https://neogen.store/product/ecovacs-deebot-x9-pro-omni/,Ecovacs,,Ecovacs Deebot X9 Pro,,,,,
SH-RVC-DREM-001,Dreame L50 Ultra,Smart Home&Iot,4599,publish,https://neogen.store/product/dreame-l50-ultra/,Dreame,,Dreame L50 Ultra,,,,,
SH-RVC-RBRC-001,Roborock Qrevo CurvX,Smart Home&Iot,4599,publish,https://neogen.store/product/roborock-qrevo-curvx/,Roborock,,Roborock Qrevo CurvX,,,,,
SH-LGT-GOVE-002,Govee Glide Hexagon Light Panels Ultra (10-pack),Smart Home&Iot,1299,publish,https://neogen.store/product/govee-glide-hexagon-light-panels-ultra-10-pack/,Govee,,Govee Glide Hexagon Light,,,,,
SH-LGT-GOVE-001,Govee RGBIC LED Strip M1 (5m),Smart Home&Iot,399,publish,https://neogen.store/product/govee-rgbic-led-strip-m1-5m/,Govee,,Govee RGBIC LED Strip,,,,,
SH-LGT-LIFX-001,LIFX Color A19 1100lm Bulb,Smart Home&Iot,279,publish,https://neogen.store/product/lifx-color-a19-1100lm-bulb/,LIFX,,LIFX Color A19 1100lm,,,,,
SH-LGT-PHUE-002,Philips Hue Gradient Lightstrip (2m),Smart Home&Iot,1149,publish,https://neogen.store/product/philips-hue-gradient-lightstrip-2m/,Philips,https://philips.com,Philips Hue Gradient Lightstrip,,,,,
SH-LGT-PHUE-001,Philips Hue Starter Kit (3x A19 + Bridge),Smart Home&Iot,899,publish,https://neogen.store/product/philips-hue-starter-kit-3x-a19-bridge/,Philips,https://philips.com,Philips Hue Starter Kit,,,,,
SH-LCK-AUGS-001,August Wi-Fi Smart Lock (4th Gen),Smart Home&Iot,1299,publish,https://neogen.store/product/august-wi-fi-smart-lock-4th-gen/,August,,August Wi-Fi Smart Lock,,,,,
SH-LCK-AQRA-001,Aqara Smart Lock U200,Smart Home&Iot,1249,publish,https://neogen.store/product/aqara-smart-lock-u200/,Aqara,,Aqara Smart Lock U200,,,,,
SH-LCK-YALE-001,Yale Assure Lock 2 Wi-Fi,Smart Home&Iot,1549,publish,https://neogen.store/product/yale-assure-lock-2-wi-fi/,Yale,https://yale.com,Yale Assure Lock 2,,,,,
SH-DSP-GGLE-001,Google Nest Hub (2nd Gen),Smart Home&Iot,699,publish,https://neogen.store/product/google-nest-hub-2nd-gen/,Google,https://google.com,Google Nest Hub,,,,,
SH-DSP-AMZN-001,Amazon Echo Show 8 (3rd Gen),Smart Home&Iot,999,publish,https://neogen.store/product/amazon-echo-show-8-3rd-gen/,Amazon,,Amazon Echo Show 8,,,,,
SH-SPK-AMZN-002,Amazon Echo Dot (5th Gen),Smart Home&Iot,399,publish,https://neogen.store/product/amazon-echo-dot-5th-gen/,Amazon,,Amazon Echo Dot,,,,,
SH-SPK-GGLE-001,Google Nest Audio,Smart Home&Iot,699,publish,https://neogen.store/product/google-nest-audio/,Google,https://google.com,Google Nest Audio,,,,,
SH-SPK-APPL-001,Apple HomePod Mini,Smart Home&Iot,699,publish,https://neogen.store/product/apple-homepod-mini/,Apple,https://apple.com,Apple HomePod Mini,,,,,
SH-SPK-AMZN-001,Amazon Echo (4th Gen),Smart Home&Iot,699,publish,https://neogen.store/product/amazon-echo-4th-gen/,Amazon,,Amazon Echo,,,,,
NG-SH-015,Sonoff SNZB-02D Zigbee Temperature &amp; Humidity Sensor with LCD Display,Smart Home&Iot,159,publish,https://neogen.store/product/sonoff-snzb-02d-zigbee-temperature-humidity-sensor-with-lcd-display/,Sonoff,,Sonoff SNZB-02D Zigbee Temperature,,,,,
NG-SH-014,MOES Zigbee Smart Thermostat (BHT-002-GCLZB) - Programmable HVAC Control,Smart Home&Iot,379,publish,https://neogen.store/product/moes-zigbee-smart-thermostat-bht-002-gclzb-programmable-hvac-control/,MOES,,MOES Zigbee Smart Thermostat,,,,,
NG-SH-013,Zemismart Zigbee Smart Tubular Motor (ZM25TQ) - Heavy-Duty Roller Blind Motor,Smart Home&Iot,699,publish,https://neogen.store/product/zemismart-zigbee-smart-tubular-motor-zm25tq-heavy-duty-roller-blind-motor/,Zemismart,,Zemismart Zigbee Smart Tubular,,,,,
NG-SH-012,Aqara Roller Shade Driver E1 (RSD-M01) - Smart Roller Blind Motor with HomeKit,Smart Home&Iot,599,publish,https://neogen.store/product/aqara-roller-shade-driver-e1-rsd-m01-smart-roller-blind-motor-with-homekit/,Aqara,,Aqara Roller Shade Driver,,,,,
NG-SH-011,SwitchBot Bot (S1) - Robotic Finger That Makes Any Button Smart,Smart Home&Iot,279,publish,https://neogen.store/product/switchbot-bot-s1-robotic-finger-that-makes-any-button-smart/,SwitchBot,,SwitchBot Bot - Robotic,,,,,
NG-SH-010,Eve Energy Smart Plug (Matter/Thread) - Next-Gen Smart Plug with Power Monitoring,Smart Home&Iot,399,publish,https://neogen.store/product/eve-energy-smart-plug-matter-thread-next-gen-smart-plug-with-power-monitoring/,Ring,https://ring.com,Eve Energy Smart Plug,,,,,
NG-SH-009,Aqara Motion Sensor P1 (MS-S02) - Wide-Angle 170° Smart PIR Sensor,Smart Home&Iot,279,publish,https://neogen.store/product/aqara-motion-sensor-p1-ms-s02-wide-angle-170-smart-pir-sensor/,Aqara,,Aqara Motion Sensor P1,,,,,
NG-SH-008,Shelly Plus 1PM - Smart Wi-Fi Relay with Power Monitoring,Smart Home&Iot,189,publish,https://neogen.store/product/shelly-plus-1pm-smart-wi-fi-relay-with-power-monitoring/,Shelly,https://shelly.cloud,Shelly Plus 1PM -,,,,,
NG-SH-007,SwitchBot Curtain 3 (W2400000) - Turn Any Curtain Smart in Minutes,Smart Home&Iot,549,publish,https://neogen.store/product/switchbot-curtain-3-w2400000-turn-any-curtain-smart-in-minutes/,SwitchBot,,SwitchBot Curtain 3 -,,,,,
NG-SH-006,Aqara Hub M2 (HM2-G01) - Multi-Protocol Smart Home Gateway,Smart Home&Iot,499,publish,https://neogen.store/product/aqara-hub-m2-hm2-g01-multi-protocol-smart-home-gateway/,Aqara,,Aqara Hub M2 -,,,,,
NG-SH-005,Sonoff TX Ultimate (T5) Smart Wall Switch - Interactive Elegance with RGB,Smart Home&Iot,269,publish,https://neogen.store/product/sonoff-tx-ultimate-t5-smart-wall-switch-interactive-elegance-with-rgb/,Sonoff,,Sonoff TX Ultimate Smart,,,,,
NG-SH-004,Aqara Water Leak Sensor - Safeguard Your Home from Water Damage,Smart Home&Iot,219,publish,https://neogen.store/product/aqara-water-leak-sensor-safeguard-your-home-from-water-damage/,Aqara,,Aqara Water Leak Sensor,,,,,
NG-SH-003,Broadlink RM4 Pro - Universal Smart Remote for IR &amp; RF Devices,Smart Home&Iot,359,publish,https://neogen.store/product/broadlink-rm4-pro-universal-smart-remote-for-ir-rf-devices/,Broadlink,,Broadlink RM4 Pro -,,,,,
NG-SH-002,UniFi Protect G4 Pro Camera - 4K Ultra HD Surveillance Excellence,Smart Home&Iot,2899,publish,https://neogen.store/product/unifi-protect-g4-pro-camera-4k-ultra-hd-surveillance-excellence/,UniFi,,UniFi Protect G4 Pro,,,,,
NG-SH-001,Aqara Smart Door Lock A100 - Elite Security with Apple HomeKey Support,Smart Home&Iot,1649,publish,https://neogen.store/product/aqara-smart-door-lock-a100-elite-security-with-apple-homekey-support/,Apple,https://apple.com,Aqara Smart Door Lock,,,,,
